Employee ID,Employee Name,Gender,Age,Age Band,Division of Origin,Disability Status,Education,Department,Cost Center,Job Title,Job Level,Employment Type,Location,Join Date,Tenure (Years),Manager,Monthly Gross
MG-DHK-HRA-0001,Priyanka Kabir,Female,43,35-44,Rangpur,No,Bachelor,HR & Administration,CC-105,Senior Manager - HR,Senior Manager,Permanent,Dhaka Corporate Office,2022-01-04,3.99,Nusrat Jahan,243500
MG-DHK-SCL-0003,Riyad Akter,Male,26,25-34,Chattogram,No,HSC,Supply Chain & Logistics,CC-103,Store Assistant,Junior Staff,Permanent,Dhaka Corporate Office,2022-01-17,3.95,Mahmudul Hasan,41000
MG-GZP-PRD-0006,Jahid Chowdhury,Male,22,Under 25,Dhaka,No,Bachelor,Production,CC-101,Line Coordinator,Junior Staff,Permanent,Gazipur Manufacturing Unit,2020-03-13,5.8,Abdul Karim,43000
MG-DHK-SAM-0007,Tareq Akter,Male,21,Under 25,Dhaka,No,Bachelor,Sales & Marketing,CC-102,Sales Representative,Junior Staff,Permanent,Dhaka Corporate Office,2017-03-20,8.78,Tanvir Ahmed,46500
MG-DHK-SAM-0009,Rashed Ahmed,Male,33,25-34,Chattogram,No,HSC,Sales & Marketing,CC-102,Sales Support Assistant,Worker,Permanent,Dhaka Corporate Office,2022-08-29,3.34,Tanvir Ahmed,31000
MG-DHK-FIN-0010,Nabila Khatun,Female,37,35-44,Mymensingh,No,Bachelor,Finance & Accounts,CC-104,Accounts Officer,Officer,Permanent,Dhaka Corporate Office,2021-05-02,4.67,Sadia Islam,49500
MG-GZP-PRD-0011,Mehedi Jahan,Male,28,25-34,Sylhet,No,Bachelor,Production,CC-101,Planning Executive,Executive,Permanent,Gazipur Manufacturing Unit,2019-06-02,6.58,Abdul Karim,93000
MG-GZP-SAM-0012,Sadia Sultana,Female,29,25-34,Rajshahi,No,Master,Sales & Marketing,CC-102,Digital Marketing Executive,Executive,Permanent,Gazipur Manufacturing Unit,2017-03-16,8.79,Farzana Rahman,97500
MG-RAJ-QAS-0013,Faria Chowdhury,Female,42,35-44,Rangpur,No,Bachelor,Quality Assurance,CC-106,Senior QC Officer,Senior Officer,Permanent,Rajshahi Regional Office,2021-10-19,4.2,Ashikur Rahman,63000
MG-GZP-SCL-0014,Mahmud Hasan,Male,32,25-34,Chattogram,No,Master,Supply Chain & Logistics,CC-103,Supply Chain Executive,Executive,Permanent,Gazipur Manufacturing Unit,2019-11-19,6.12,Rezaul Karim,82000
MG-CTG-SAM-0015,Rashed Ahmed,Male,36,35-44,Dhaka,No,Bachelor,Sales & Marketing,CC-102,Digital Marketing Executive,Executive,Permanent,Chattogram Distribution Hub,2018-06-26,7.52,Tanvir Ahmed,78000
MG-DHK-CST-0016,Nazmul Talukder,Male,27,25-34,Sylhet,No,Master,Corporate Strategy,CC-112,Strategy Officer,Officer,Permanent,Dhaka Corporate Office,2019-03-22,6.78,Mushfiqur Rahman,75500
MG-RAJ-SAM-0017,Ashik Mahmud,Male,31,25-34,Dhaka,No,Master,Sales & Marketing,CC-102,Brand Officer,Officer,Permanent,Rajshahi Regional Office,2018-04-13,7.72,Farzana Rahman,50000
MG-RAJ-HRA-0018,Rifat Uddin,Female,44,35-44,Dhaka,No,Master,HR & Administration,CC-105,Administration Manager,Manager,Probation,Rajshahi Regional Office,2020-08-01,5.42,Md. Imran Hossain,131000
MG-DHK-HRA-0019,Sultana Khatun,Female,21,Under 25,Rajshahi,No,HSC,HR & Administration,CC-105,HR Assistant,Junior Staff,Contract,Dhaka Corporate Office,2020-04-10,5.72,Nusrat Jahan,41500
MG-DHK-FIN-0020,Fahim Khan,Male,31,25-34,Dhaka,No,Bachelor,Finance & Accounts,CC-104,Accounts Assistant,Junior Staff,Contract,Dhaka Corporate Office,2021-10-18,4.2,Shafiqur Rahman,37000
MG-DHK-FIN-0021,Md. Rahim Uddin,Male,26,25-34,Rajshahi,No,Bachelor,Finance & Accounts,CC-104,Finance Officer,Officer,Permanent,Dhaka Corporate Office,2018-07-14,7.47,Shafiqur Rahman,42500
MG-CTG-PRD-0023,Jahid Karim,Male,30,25-34,Barishal,No,HSC,Production,CC-101,Production Assistant,Junior Staff,Permanent,Chattogram Distribution Hub,2016-08-14,9.38,Abdul Karim,31000
MG-NGJ-PRD-0024,Sabbir Kabir,Male,31,25-34,Dhaka,No,HSC,Production,CC-101,Packing Assistant,Worker,Permanent,Narayanganj Production Plant,2019-06-17,6.54,Abdul Karim,25000
MG-GZP-SCL-0026,Asif Alam,Male,41,35-44,Dhaka,No,Bachelor,Supply Chain & Logistics,CC-103,Warehouse Supervisor,Senior Officer,Permanent,Gazipur Manufacturing Unit,2021-03-14,4.8,Mahmudul Hasan,70500
MG-GZP-SAM-0027,Mehedi Noor,Male,52,45+,Khulna,No,Master,Sales & Marketing,CC-102,Regional Sales Manager,Senior Manager,Permanent,Gazipur Manufacturing Unit,2020-09-06,5.32,Farzana Rahman,214000
MG-CTG-SCL-0028,Md. Rahim Chowdhury,Male,20,Under 25,Khulna,No,SSC,Supply Chain & Logistics,CC-103,Warehouse Assistant,Worker,Permanent,Chattogram Distribution Hub,2023-08-02,2.41,Rezaul Karim,32500
MG-NGJ-QAS-0029,Priyanka Mahmud,Female,55,45+,Dhaka,No,Bachelor,Quality Assurance,CC-106,Senior Manager - Quality,Senior Manager,Permanent,Narayanganj Production Plant,2022-08-17,3.37,Dr. Samira Sultana,247500
MG-GZP-CST-0030,Maliha Hasan,Not Disclosed,28,25-34,Dhaka,No,Bachelor,Corporate Strategy,CC-112,Business Analyst,Officer,Permanent,Gazipur Manufacturing Unit,2022-11-08,3.15,Mushfiqur Rahman,68000
MG-NGJ-SAM-0031,Saiful Karim,Male,32,25-34,Dhaka,No,Master,Sales & Marketing,CC-102,Territory Sales Officer,Officer,Permanent,Narayanganj Production Plant,2015-12-28,10.01,Tanvir Ahmed,44000
MG-DHK-FIN-0032,Ishrat Mahmud,Female,33,25-34,Sylhet,No,HSC,Finance & Accounts,CC-104,Cash Assistant,Junior Staff,Permanent,Dhaka Corporate Office,2022-07-09,3.48,Sadia Islam,38000
MG-GZP-PRD-0033,Sabbir Bhuiyan,Male,44,35-44,Rajshahi,No,Bachelor,Production,CC-101,Production Executive,Executive,Permanent,Gazipur Manufacturing Unit,2020-10-05,5.24,Md. Shahidul Islam,84500
MG-DHK-HRA-0034,Nafisa Alam,Female,25,25-34,Dhaka,No,Bachelor,HR & Administration,CC-105,Admin Assistant,Junior Staff,Probation,Dhaka Corporate Office,2016-11-02,9.16,Nusrat Jahan,40000
MG-GZP-ENG-0035,Arif Rahman,Male,32,25-34,Dhaka,No,Bachelor,Engineering & Maintenance,CC-107,Maintenance Coordinator,Junior Staff,Permanent,Gazipur Manufacturing Unit,2020-11-11,5.14,Rakibul Hasan,31000
MG-DHK-SAM-0036,Shakil Haque,Male,24,Under 25,Khulna,No,Master,Sales & Marketing,CC-102,Brand Officer,Officer,Permanent,Dhaka Corporate Office,2022-07-08,3.48,Farzana Rahman,65000
MG-NGJ-ENG-0037,Arif Bhuiyan,Male,44,35-44,Rangpur,No,HSC,Engineering & Maintenance,CC-107,Mechanical Technician,Worker,Permanent,Narayanganj Production Plant,2020-12-06,5.07,Rakibul Hasan,25000
MG-GZP-CST-0038,Sharmeen Ferdous,Female,29,25-34,Rajshahi,No,Bachelor,Corporate Strategy,CC-112,Strategy Executive,Executive,Permanent,Gazipur Manufacturing Unit,2021-06-18,4.54,Mushfiqur Rahman,91000
MG-NGJ-PRD-0039,Mst. Roksana Talukder,Female,23,Under 25,Rajshahi,No,HSC,Production,CC-101,Production Operator,Worker,Permanent,Narayanganj Production Plant,2015-11-02,10.16,Abdul Karim,30000
MG-GZP-HRA-0040,Shakil Ferdous,Male,29,25-34,Dhaka,No,HSC,HR & Administration,CC-105,Admin Assistant,Junior Staff,Permanent,Gazipur Manufacturing Unit,2019-05-15,6.63,Md. Imran Hossain,34000
MG-DHK-PRO-0041,Rakib Khatun,Male,30,25-34,Chattogram,No,Bachelor,Procurement,CC-109,Purchase Assistant,Junior Staff,Permanent,Dhaka Corporate Office,2020-10-14,5.21,Maliha Noor,43000
MG-CTG-QAS-0042,Hasan Kabir,Male,34,25-34,Sylhet,No,Master,Quality Assurance,CC-106,QA Executive,Executive,Permanent,Chattogram Distribution Hub,2022-10-06,3.24,Dr. Samira Sultana,105500
MG-NGJ-PRD-0043,Ayesha Kabir,Female,37,35-44,Chattogram,No,SSC,Production,CC-101,Packing Assistant,Worker,Contract,Narayanganj Production Plant,2017-04-02,8.75,Md. Shahidul Islam,29500
MG-DHK-SAM-0044,Afroza Akter,Female,46,45+,Rangpur,No,Bachelor,Sales & Marketing,CC-102,Regional Sales Manager,Senior Manager,Permanent,Dhaka Corporate Office,2018-06-17,7.54,Tanvir Ahmed,265500
MG-DHK-SAM-0045,Riyad Jahan,Male,31,25-34,Dhaka,No,Diploma,Sales & Marketing,CC-102,Sales Representative,Junior Staff,Permanent,Dhaka Corporate Office,2021-01-10,4.97,Tanvir Ahmed,34000
MG-DHK-PRD-0047,Asif Hossain,Male,26,25-34,Chattogram,No,Bachelor,Production,CC-101,Shift Officer,Officer,Permanent,Dhaka Corporate Office,2020-02-10,5.89,Abdul Karim,40500
MG-NGJ-PRD-0048,Monir Noor,Male,35,35-44,Dhaka,No,Bachelor,Production,CC-101,Shift Supervisor,Senior Officer,Contract,Narayanganj Production Plant,2022-06-17,3.54,Md. Shahidul Islam,79500
MG-RAJ-QAS-0049,Shakil Chowdhury,Male,47,45+,Chattogram,No,Master,Quality Assurance,CC-106,Compliance Manager,Manager,Permanent,Rajshahi Regional Office,2020-11-07,5.15,Dr. Samira Sultana,131500
MG-DHK-HRA-0050,Jahid Karim,Male,43,35-44,Mymensingh,No,Bachelor,HR & Administration,CC-105,Senior Admin Officer,Senior Officer,Permanent,Dhaka Corporate Office,2021-04-07,4.73,Md. Imran Hossain,73500
MG-DHK-SAM-0051,Zahid Rashid,Male,29,25-34,Barishal,No,HSC,Sales & Marketing,CC-102,Marketing Assistant,Junior Staff,Permanent,Dhaka Corporate Office,2023-10-27,2.18,Tanvir Ahmed,37000
MG-DHK-CUS-0053,Tasnim Sarker,Female,30,25-34,Khulna,No,Master,Customer Service,CC-110,Customer Experience Executive,Executive,Permanent,Dhaka Corporate Office,2021-06-23,4.52,Jannatul Ferdous,88000
MG-DHK-CST-0054,Jahid Uddin,Male,42,35-44,Sylhet,No,Professional Certification,Corporate Strategy,CC-112,Senior Strategy Officer,Senior Officer,Permanent,Dhaka Corporate Office,2019-10-21,6.2,Mushfiqur Rahman,79000
MG-GZP-PRD-0055,Nazmul Mahmud,Male,47,45+,Khulna,No,Master,Production,CC-101,Senior Manager - Production,Senior Manager,Permanent,Gazipur Manufacturing Unit,2019-09-30,6.25,Md. Shahidul Islam,184500
MG-DHK-CST-0056,Rakib Haque,Male,34,25-34,Dhaka,No,Bachelor,Corporate Strategy,CC-112,Business Analyst,Officer,Permanent,Dhaka Corporate Office,2021-04-15,4.71,Anika Tasnim,66500
MG-NGJ-SAM-0057,Sabbir Rahman,Male,49,45+,Khulna,No,Master,Sales & Marketing,CC-102,Head of Sales & Marketing,Head,Permanent,Narayanganj Production Plant,2018-07-14,7.47,Tanvir Ahmed,273500
MG-NGJ-SCL-0058,Sultana Khan,Female,22,Under 25,Rajshahi,No,HSC,Supply Chain & Logistics,CC-103,Dispatch Coordinator,Junior Staff,Permanent,Narayanganj Production Plant,2023-07-29,2.43,Mahmudul Hasan,33500
MG-DHK-CST-0059,Sharmeen Rashid,Female,34,25-34,Sylhet,Yes,Professional Certification,Corporate Strategy,CC-112,Strategy Manager,Manager,Permanent,Dhaka Corporate Office,2021-04-14,4.71,Anika Tasnim,125000
MG-NGJ-QAS-0060,Monir Bhuiyan,Male,32,25-34,Chattogram,No,Bachelor,Quality Assurance,CC-106,Quality Officer,Officer,Permanent,Narayanganj Production Plant,2022-08-29,3.34,Ashikur Rahman,59000
MG-CTG-FIN-0062,Imran Alam,Male,20,Under 25,Rajshahi,No,Trade Certificate,Finance & Accounts,CC-104,Accounts Support Assistant,Worker,Permanent,Chattogram Distribution Hub,2022-11-10,3.14,Shafiqur Rahman,22000
MG-GZP-SCL-0063,Md. Karim Noor,Male,33,25-34,Mymensingh,No,Master,Supply Chain & Logistics,CC-103,Planning Executive,Executive,Permanent,Gazipur Manufacturing Unit,2021-04-03,4.74,Mahmudul Hasan,104500
MG-NGJ-PRD-0065,Sabbir Kabir,Male,25,25-34,Rangpur,No,HSC,Production,CC-101,Production Assistant,Junior Staff,Intern,Narayanganj Production Plant,2020-04-14,5.71,Abdul Karim,39000
MG-CTG-CUS-0066,Nusrat Alam,Female,44,35-44,Sylhet,No,Bachelor,Customer Service,CC-110,Service Quality Executive,Executive,Permanent,Chattogram Distribution Hub,2020-09-02,5.33,Jannatul Ferdous,74000
MG-DHK-IT-0067,Kamrul Mia,Male,36,35-44,Rajshahi,No,Bachelor,Information Technology,CC-108,Senior IT Officer,Senior Officer,Permanent,Dhaka Corporate Office,2022-04-06,3.74,Tanjina Akter,85000
MG-DHK-SAM-0068,Riyad Chowdhury,Male,27,25-34,Dhaka,No,Bachelor,Sales & Marketing,CC-102,Senior Brand Officer,Senior Officer,Permanent,Dhaka Corporate Office,2023-10-15,2.21,Tanvir Ahmed,85000
MG-CTG-SAM-0069,Shafiq Akter,Male,24,Under 25,Rajshahi,No,HSC,Sales & Marketing,CC-102,Sales Support Assistant,Worker,Permanent,Chattogram Distribution Hub,2022-06-06,3.57,Farzana Rahman,21000
MG-GZP-PRD-0070,Nusrat Mahmud,Female,29,25-34,Rangpur,No,SSC,Production,CC-101,Packing Assistant,Worker,Permanent,Gazipur Manufacturing Unit,2022-12-23,3.02,Md. Shahidul Islam,31500
MG-GZP-ENG-0071,Sanjida Bhuiyan,Female,25,25-34,Barishal,No,HSC,Engineering & Maintenance,CC-107,Electrician,Worker,Permanent,Gazipur Manufacturing Unit,2023-01-05,2.99,Rakibul Hasan,32000
MG-GZP-PRD-0072,Samira Noor,Female,33,25-34,Chattogram,No,Master,Production,CC-101,Senior Production Officer,Senior Officer,Permanent,Gazipur Manufacturing Unit,2022-05-31,3.59,Md. Shahidul Islam,60000
MG-CTG-SCL-0073,Hasan Hossain,Male,32,25-34,Rajshahi,No,Master,Supply Chain & Logistics,CC-103,Logistics Officer,Officer,Permanent,Chattogram Distribution Hub,2020-08-23,5.36,Mahmudul Hasan,45000
MG-GZP-PRD-0074,Sharmin Chowdhury,Female,25,25-34,Dhaka,No,Diploma,Production,CC-101,Shift Officer,Officer,Contract,Gazipur Manufacturing Unit,2023-08-30,2.34,Md. Shahidul Islam,39500
MG-DHK-SAM-0075,Mizanur Rahman,Male,38,35-44,Dhaka,Yes,Master,Sales & Marketing,CC-102,Sales Executive,Executive,Permanent,Dhaka Corporate Office,2022-10-13,3.22,Tanvir Ahmed,75500
MG-DHK-CST-0076,Ishrat Akter,Female,37,35-44,Rajshahi,No,Master,Corporate Strategy,CC-112,Senior Business Analyst,Senior Officer,Probation,Dhaka Corporate Office,2022-05-13,3.64,Anika Tasnim,84000
MG-CTG-QAS-0077,Jahid Uddin,Male,27,25-34,Rajshahi,No,Bachelor,Quality Assurance,CC-106,QC Technician,Junior Staff,Permanent,Chattogram Distribution Hub,2021-08-29,4.34,Ashikur Rahman,34000
MG-GZP-PRD-0078,Mahmud Hasan,Male,27,25-34,Chattogram,No,Master,Production,CC-101,Senior Production Officer,Senior Officer,Permanent,Gazipur Manufacturing Unit,2020-07-17,5.46,Abdul Karim,70000
MG-DHK-FIN-0079,Nusrat Karim,Female,51,45+,Dhaka,No,Master,Finance & Accounts,CC-104,Accounts Manager,Manager,Permanent,Dhaka Corporate Office,2016-02-25,9.85,Shafiqur Rahman,164500
MG-CTG-SAM-0080,Zahid Akter,Male,34,25-34,Khulna,No,HSC,Sales & Marketing,CC-102,Marketing Assistant,Junior Staff,Permanent,Chattogram Distribution Hub,2017-06-17,8.54,Tanvir Ahmed,38500
MG-CTG-ENG-0081,Nadia Jahan,Female,43,35-44,Dhaka,No,Master,Engineering & Maintenance,CC-107,Senior Manager - Engineering,Senior Manager,Permanent,Chattogram Distribution Hub,2018-04-23,7.69,Md. Moniruzzaman,178500
MG-GZP-PRD-0082,Ashik Jahan,Male,25,25-34,Dhaka,No,Trade Certificate,Production,CC-101,Production Operator,Worker,Permanent,Gazipur Manufacturing Unit,2020-03-06,5.82,Abdul Karim,32500
MG-NGJ-PRD-0083,Farhan Rahman,Male,30,25-34,Chattogram,Yes,Bachelor,Production,CC-101,Planning Executive,Executive,Permanent,Narayanganj Production Plant,2021-08-25,4.35,Md. Shahidul Islam,80000
MG-DHK-SAM-0084,Nazmul Khan,Male,36,35-44,Dhaka,No,Master,Sales & Marketing,CC-102,Sales Executive,Executive,Permanent,Dhaka Corporate Office,2022-05-08,3.65,Farzana Rahman,85000
MG-GZP-PRO-0085,Mahmud Hossain,Male,30,25-34,Barishal,No,Bachelor,Procurement,CC-109,Procurement Officer,Officer,Contract,Gazipur Manufacturing Unit,2021-03-10,4.81,Ahsan Habib,62500
MG-DHK-PRD-0086,Priyanka Khan,Female,48,45+,Dhaka,No,Professional Certification,Production,CC-101,Senior Manager - Production,Senior Manager,Permanent,Dhaka Corporate Office,2019-01-23,6.94,Md. Shahidul Islam,174000
MG-GZP-SCL-0087,Tanvir Rahman,Male,34,25-34,Dhaka,No,Master,Supply Chain & Logistics,CC-103,Logistics Officer,Officer,Permanent,Gazipur Manufacturing Unit,2022-09-30,3.25,Mahmudul Hasan,45500
MG-GZP-PRO-0088,Tareq Bhuiyan,Male,38,35-44,Dhaka,No,Bachelor,Procurement,CC-109,Sourcing Officer,Officer,Permanent,Gazipur Manufacturing Unit,2021-01-05,4.99,Maliha Noor,55000
MG-NGJ-HRA-0089,Hasan Ferdous,Male,23,Under 25,Chattogram,No,Bachelor,HR & Administration,CC-105,HR Assistant,Junior Staff,Contract,Narayanganj Production Plant,2018-01-11,7.97,Md. Imran Hossain,42000
MG-GZP-SCL-0090,Kamrul Mahmud,Male,46,45+,Dhaka,No,Professional Certification,Supply Chain & Logistics,CC-103,Senior Manager - Supply Chain,Senior Manager,Permanent,Gazipur Manufacturing Unit,2023-09-18,2.29,Mahmudul Hasan,242500
MG-GZP-QAS-0091,Anika Alam,Female,25,25-34,Sylhet,No,Bachelor,Quality Assurance,CC-106,QC Technician,Junior Staff,Permanent,Gazipur Manufacturing Unit,2022-11-14,3.13,Ashikur Rahman,42500
MG-DHK-CST-0092,Farzana Akter,Female,35,35-44,Mymensingh,Yes,Master,Corporate Strategy,CC-112,Senior Business Analyst,Senior Officer,Permanent,Dhaka Corporate Office,2023-12-02,2.08,Mushfiqur Rahman,66000
MG-DHK-CUS-0093,Tanvir Rashid,Male,27,25-34,Rangpur,No,Bachelor,Customer Service,CC-110,Senior Customer Service Officer,Senior Officer,Contract,Dhaka Corporate Office,2019-08-07,6.4,Rashedul Islam,72500
MG-DHK-SAM-0094,Farhan Hasan,Male,20,Under 25,Rajshahi,No,HSC,Sales & Marketing,CC-102,Sales Support Assistant,Worker,Permanent,Dhaka Corporate Office,2018-11-02,7.16,Farzana Rahman,29500
MG-CTG-SAM-0095,Tareq Karim,Male,27,25-34,Rajshahi,No,Professional Certification,Sales & Marketing,CC-102,Senior Territory Officer,Senior Officer,Permanent,Chattogram Distribution Hub,2022-08-21,3.36,Tanvir Ahmed,66500
MG-GZP-PRD-0096,Rashed Mia,Male,39,35-44,Dhaka,No,SSC,Production,CC-101,Production Operator,Worker,Permanent,Gazipur Manufacturing Unit,2022-01-16,3.96,Abdul Karim,25000
MG-GZP-ENG-0097,Shuvo Mahmud,Male,26,25-34,Barishal,No,Bachelor,Engineering & Maintenance,CC-107,Utilities Officer,Officer,Permanent,Gazipur Manufacturing Unit,2022-05-15,3.63,Rakibul Hasan,55000
MG-CTG-SCL-0098,Shakil Rashid,Male,37,35-44,Barishal,No,Bachelor,Supply Chain & Logistics,CC-103,Warehouse Supervisor,Senior Officer,Probation,Chattogram Distribution Hub,2020-09-28,5.26,Rezaul Karim,56000
MG-CTG-SAM-0100,Moumita Sultana,Female,33,25-34,Chattogram,No,Bachelor,Sales & Marketing,CC-102,Sales Representative,Junior Staff,Permanent,Chattogram Distribution Hub,2019-04-21,6.7,Farzana Rahman,34000
MG-DHK-HRA-0101,Nabila Islam,Female,34,25-34,Dhaka,No,Bachelor,HR & Administration,CC-105,Senior Admin Officer,Senior Officer,Permanent,Dhaka Corporate Office,2019-10-10,6.23,Md. Imran Hossain,59000
MG-DHK-FIN-0102,Rumana Rashid,Female,34,25-34,Rajshahi,No,Bachelor,Finance & Accounts,CC-104,Accounts Officer,Officer,Probation,Dhaka Corporate Office,2017-10-24,8.19,Sadia Islam,62500
MG-GZP-CST-0103,Mizanur Alam,Male,43,35-44,Dhaka,No,Master,Corporate Strategy,CC-112,Senior Strategy Officer,Senior Officer,Permanent,Gazipur Manufacturing Unit,2022-10-08,3.23,Anika Tasnim,71000
MG-NGJ-IT-0104,Tareq Hasan,Male,23,Under 25,Dhaka,No,Diploma,Information Technology,CC-108,Junior Developer,Junior Staff,Permanent,Narayanganj Production Plant,2022-11-03,3.16,Tanjina Akter,37000
MG-GZP-SAM-0105,Faria Hasan,Female,35,35-44,Dhaka,No,Master,Sales & Marketing,CC-102,Brand Manager,Manager,Permanent,Gazipur Manufacturing Unit,2022-01-31,3.92,Farzana Rahman,158000
MG-GZP-PRD-0106,Mahmud Ahmed,Male,32,25-34,Khulna,No,Bachelor,Production,CC-101,Production Officer,Officer,Permanent,Gazipur Manufacturing Unit,2017-09-03,8.33,Abdul Karim,62500
MG-NGJ-PRD-0107,Tanvir Islam,Male,26,25-34,Rajshahi,No,SSC,Production,CC-101,Production Operator,Worker,Permanent,Narayanganj Production Plant,2023-05-18,2.62,Md. Shahidul Islam,23000
MG-GZP-SAM-0109,Monir Khan,Male,32,25-34,Dhaka,No,HSC,Sales & Marketing,CC-102,Sales Representative,Junior Staff,Contract,Gazipur Manufacturing Unit,2022-01-04,3.99,Farzana Rahman,44000
MG-GZP-QAS-0110,Fahim Kabir,Male,25,25-34,Rangpur,No,Diploma,Quality Assurance,CC-106,QA Assistant,Junior Staff,Permanent,Gazipur Manufacturing Unit,2019-09-14,6.3,Ashikur Rahman,42000
MG-DHK-HRA-0111,Sharmin Alam,Female,45,45+,Dhaka,No,Master,HR & Administration,CC-105,HR Manager,Manager,Permanent,Dhaka Corporate Office,2018-08-16,7.38,Nusrat Jahan,169500
MG-GZP-PRD-0112,Ashik Sarker,Male,21,Under 25,Rajshahi,No,Bachelor,Production,CC-101,Production Assistant,Junior Staff,Permanent,Gazipur Manufacturing Unit,2023-04-13,2.72,Abdul Karim,43500
MG-DHK-CST-0113,Sharmin Mia,Female,43,35-44,Mymensingh,No,Professional Certification,Corporate Strategy,CC-112,Strategy Executive,Executive,Permanent,Dhaka Corporate Office,2019-09-04,6.32,Anika Tasnim,115000
MG-GZP-FIN-0114,Hasan Mahmud,Male,44,35-44,Dhaka,No,Master,Finance & Accounts,CC-104,Accounts Manager,Manager,Permanent,Gazipur Manufacturing Unit,2022-02-16,3.87,Shafiqur Rahman,120000
MG-NGJ-PRD-0115,Fahim Karim,Male,33,25-34,Khulna,No,Bachelor,Production,CC-101,Production Officer,Officer,Probation,Narayanganj Production Plant,2018-01-25,7.93,Md. Shahidul Islam,64000
MG-NGJ-PRD-0116,Rashed Sultana,Male,33,25-34,Dhaka,No,HSC,Production,CC-101,Production Assistant,Junior Staff,Permanent,Narayanganj Production Plant,2020-03-06,5.82,Md. Shahidul Islam,35000
MG-GZP-ENG-0117,Zahid Hasan,Male,37,35-44,Chattogram,No,Master,Engineering & Maintenance,CC-107,Project Engineer,Executive,Permanent,Gazipur Manufacturing Unit,2022-07-15,3.46,Rakibul Hasan,102000
MG-GZP-PRD-0118,Jahid Islam,Male,24,Under 25,Dhaka,No,Diploma,Production,CC-101,Shift Officer,Officer,Probation,Gazipur Manufacturing Unit,2023-09-04,2.32,Abdul Karim,55000
MG-GZP-PRD-0119,Sumaiya Khatun,Female,27,25-34,Rajshahi,No,Diploma,Production,CC-101,Line Coordinator,Junior Staff,Permanent,Gazipur Manufacturing Unit,2017-04-24,8.69,Md. Shahidul Islam,29500
MG-NGJ-PRD-0120,Nazmul Noor,Male,41,35-44,Chattogram,No,SSC,Production,CC-101,Machine Operator,Worker,Permanent,Narayanganj Production Plant,2017-05-22,8.61,Md. Shahidul Islam,20500
MG-CTG-SAM-0121,Imran Mia,Male,28,25-34,Mymensingh,No,Bachelor,Sales & Marketing,CC-102,Brand Officer,Officer,Probation,Chattogram Distribution Hub,2021-01-18,4.95,Tanvir Ahmed,55500
MG-NGJ-SAM-0123,Rafiq Ahmed,Male,25,25-34,Rangpur,No,Diploma,Sales & Marketing,CC-102,Marketing Assistant,Junior Staff,Permanent,Narayanganj Production Plant,2022-03-22,3.78,Tanvir Ahmed,44000
MG-NGJ-QAS-0124,Zahid Rashid,Male,30,25-34,Dhaka,No,Trade Certificate,Quality Assurance,CC-106,Lab Assistant,Worker,Permanent,Narayanganj Production Plant,2020-11-01,5.16,Dr. Samira Sultana,30000
MG-GZP-QAS-0126,Mim Sarker,Female,39,35-44,Rajshahi,No,Trade Certificate,Quality Assurance,CC-106,Quality Inspector,Worker,Contract,Gazipur Manufacturing Unit,2020-03-10,5.81,Dr. Samira Sultana,31500
MG-DHK-FIN-0127,Ayesha Bhuiyan,Female,30,25-34,Khulna,No,Master,Finance & Accounts,CC-104,Senior Finance Officer,Senior Officer,Permanent,Dhaka Corporate Office,2022-07-16,3.46,Sadia Islam,69000
MG-DHK-SAM-0128,Rashed Islam,Male,27,25-34,Dhaka,No,HSC,Sales & Marketing,CC-102,Marketing Assistant,Junior Staff,Permanent,Dhaka Corporate Office,2021-09-19,4.28,Farzana Rahman,40500
MG-DHK-SAM-0129,Kamrul Uddin,Male,23,Under 25,Rangpur,No,HSC,Sales & Marketing,CC-102,Marketing Assistant,Junior Staff,Contract,Dhaka Corporate Office,2020-11-06,5.15,Farzana Rahman,41500
MG-CTG-SAM-0130,Jahid Ahmed,Male,26,25-34,Dhaka,No,Master,Sales & Marketing,CC-102,Brand Officer,Officer,Permanent,Chattogram Distribution Hub,2022-05-13,3.64,Tanvir Ahmed,50500
MG-DHK-FIN-0132,Kamrul Ferdous,Male,41,35-44,Dhaka,No,Master,Finance & Accounts,CC-104,Senior Manager - Finance,Senior Manager,Permanent,Dhaka Corporate Office,2022-02-16,3.87,Sadia Islam,224000
MG-GZP-PRD-0133,Shakil Uddin,Male,28,25-34,Dhaka,No,Master,Production,CC-101,Shift Supervisor,Senior Officer,Permanent,Gazipur Manufacturing Unit,2021-08-24,4.35,Abdul Karim,67000
MG-DHK-FIN-0134,Zahid Rashid,Male,44,35-44,Chattogram,No,Professional Certification,Finance & Accounts,CC-104,Finance Manager,Manager,Probation,Dhaka Corporate Office,2021-03-11,4.81,Sadia Islam,116500
MG-NGJ-PRD-0135,Saiful Islam,Male,37,35-44,Sylhet,No,Trade Certificate,Production,CC-101,Production Operator,Worker,Permanent,Narayanganj Production Plant,2022-06-13,3.55,Abdul Karim,20500
MG-DHK-SAM-0136,Ayesha Akter,Female,24,Under 25,Rajshahi,No,HSC,Sales & Marketing,CC-102,Sales Representative,Junior Staff,Permanent,Dhaka Corporate Office,2019-08-23,6.36,Tanvir Ahmed,33500
MG-GZP-PRD-0137,Rifat Rashid,Female,34,25-34,Dhaka,No,HSC,Production,CC-101,Line Coordinator,Junior Staff,Intern,Gazipur Manufacturing Unit,2020-07-10,5.48,Abdul Karim,33000
MG-GZP-QAS-0138,Saiful Jahan,Male,36,35-44,Rajshahi,No,Bachelor,Quality Assurance,CC-106,Quality Officer,Officer,Intern,Gazipur Manufacturing Unit,2023-06-10,2.56,Ashikur Rahman,61000
MG-DHK-FIN-0139,Nadia Mahmud,Female,34,25-34,Mymensingh,No,Bachelor,Finance & Accounts,CC-104,Finance Officer,Officer,Permanent,Dhaka Corporate Office,2022-10-03,3.24,Shafiqur Rahman,55500
MG-GZP-QAS-0140,Nayeem Noor,Male,26,25-34,Rajshahi,No,Diploma,Quality Assurance,CC-106,QA Assistant,Junior Staff,Permanent,Gazipur Manufacturing Unit,2019-03-19,6.79,Dr. Samira Sultana,34500
MG-GZP-QAS-0141,Ashik Akter,Male,24,Under 25,Rajshahi,No,Diploma,Quality Assurance,CC-106,Quality Officer,Officer,Permanent,Gazipur Manufacturing Unit,2019-04-20,6.7,Ashikur Rahman,63000
MG-GZP-SAM-0142,Md. Rahim Talukder,Male,25,25-34,Chattogram,No,Bachelor,Sales & Marketing,CC-102,Territory Sales Officer,Officer,Contract,Gazipur Manufacturing Unit,2017-07-14,8.47,Tanvir Ahmed,65000
MG-DHK-SAM-0143,Shuvo Bhuiyan,Male,27,25-34,Dhaka,No,Diploma,Sales & Marketing,CC-102,Sales Representative,Junior Staff,Permanent,Dhaka Corporate Office,2019-08-21,6.36,Tanvir Ahmed,32000
MG-NGJ-ENG-0144,Mahmud Khan,Male,47,45+,Khulna,No,Master,Engineering & Maintenance,CC-107,Senior Manager - Engineering,Senior Manager,Permanent,Narayanganj Production Plant,2021-11-24,4.1,Rakibul Hasan,173500
MG-DHK-IT-0145,Mehedi Rahman,Male,27,25-34,Rangpur,No,Master,Information Technology,CC-108,IT Officer,Officer,Permanent,Dhaka Corporate Office,2017-08-10,8.39,Tanjina Akter,73000
MG-GZP-PRD-0146,Asif Jahan,Male,28,25-34,Dhaka,No,Bachelor,Production,CC-101,Line Coordinator,Junior Staff,Permanent,Gazipur Manufacturing Unit,2020-01-06,5.98,Abdul Karim,40500
MG-CTG-ENG-0147,Mahmud Islam,Male,22,Under 25,Rajshahi,No,Bachelor,Engineering & Maintenance,CC-107,Technical Assistant,Junior Staff,Permanent,Chattogram Distribution Hub,2021-10-10,4.22,Md. Moniruzzaman,40000
MG-GZP-QAS-0148,Afroza Akter,Female,21,Under 25,Chattogram,No,Diploma,Quality Assurance,CC-106,QA Assistant,Junior Staff,Permanent,Gazipur Manufacturing Unit,2022-06-27,3.51,Dr. Samira Sultana,42000
MG-DHK-HRA-0150,Anika Karim,Female,25,25-34,Dhaka,No,Bachelor,HR & Administration,CC-105,Admin Officer,Officer,Permanent,Dhaka Corporate Office,2019-10-27,6.18,Nusrat Jahan,42500
MG-DHK-SAM-0151,Ahsan Mahmud,Male,32,25-34,Dhaka,Yes,Master,Sales & Marketing,CC-102,Sales Executive,Executive,Permanent,Dhaka Corporate Office,2022-05-11,3.64,Farzana Rahman,106500
MG-DHK-CST-0152,Lubna Islam,Female,22,Under 25,Rajshahi,No,Bachelor,Corporate Strategy,CC-112,Business Research Assistant,Junior Staff,Permanent,Dhaka Corporate Office,2018-04-13,7.72,Mushfiqur Rahman,46000
MG-GZP-HRA-0154,Maliha Islam,Female,35,35-44,Rajshahi,No,Bachelor,HR & Administration,CC-105,HR Officer,Officer,Probation,Gazipur Manufacturing Unit,2023-02-09,2.89,Nusrat Jahan,53000
MG-GZP-PRD-0156,Rafiq Uddin,Male,38,35-44,Rangpur,No,Bachelor,Production,CC-101,Senior Production Officer,Senior Officer,Permanent,Gazipur Manufacturing Unit,2022-02-18,3.87,Md. Shahidul Islam,65000
MG-NGJ-FIN-0157,Mizanur Hasan,Male,23,Under 25,Khulna,No,HSC,Finance & Accounts,CC-104,Cash Assistant,Junior Staff,Permanent,Narayanganj Production Plant,2016-04-08,9.73,Shafiqur Rahman,30500
MG-DHK-LGL-0159,Shakil Sultana,Male,27,25-34,Khulna,No,Master,Legal & Compliance,CC-111,Senior Legal Officer,Senior Officer,Permanent,Dhaka Corporate Office,2017-10-08,8.23,Shamim Ahmed,75500
MG-GZP-SCL-0160,Shafiq Sarker,Male,25,25-34,Dhaka,No,Bachelor,Supply Chain & Logistics,CC-103,Inventory Officer,Officer,Permanent,Gazipur Manufacturing Unit,2018-10-14,7.21,Mahmudul Hasan,57500
MG-NGJ-PRO-0161,Jahid Bhuiyan,Male,21,Under 25,Barishal,No,Diploma,Procurement,CC-109,Vendor Coordinator,Junior Staff,Probation,Narayanganj Production Plant,2022-05-18,3.62,Ahsan Habib,37000
MG-DHK-HRA-0162,Rumana Haque,Female,35,35-44,Mymensingh,Yes,Diploma,HR & Administration,CC-105,HR Officer,Officer,Permanent,Dhaka Corporate Office,2023-05-10,2.64,Md. Imran Hossain,55000
MG-NGJ-PRD-0163,Shakil Sarker,Male,35,35-44,Rajshahi,No,Bachelor,Production,CC-101,Shift Officer,Officer,Permanent,Narayanganj Production Plant,2019-05-14,6.63,Abdul Karim,60500
MG-DHK-CST-0164,Mim Rahman,Female,37,35-44,Rajshahi,No,Professional Certification,Corporate Strategy,CC-112,PMO Manager,Manager,Permanent,Dhaka Corporate Office,2017-03-09,8.81,Mushfiqur Rahman,175000
MG-NGJ-PRD-0166,Jahid Mahmud,Male,40,35-44,Rangpur,No,Professional Certification,Production,CC-101,Senior Manager - Production,Senior Manager,Permanent,Narayanganj Production Plant,2020-08-07,5.4,Abdul Karim,191500
MG-GZP-SCL-0167,Priyanka Sultana,Female,21,Under 25,Rajshahi,No,HSC,Supply Chain & Logistics,CC-103,Dispatch Coordinator,Junior Staff,Permanent,Gazipur Manufacturing Unit,2017-07-16,8.46,Rezaul Karim,40000
MG-GZP-QAS-0168,Sadia Mahmud,Female,27,25-34,Chattogram,No,Trade Certificate,Quality Assurance,CC-106,Lab Assistant,Worker,Permanent,Gazipur Manufacturing Unit,2023-11-27,2.09,Ashikur Rahman,27000
MG-DHK-PRO-0169,Tareq Alam,Male,36,35-44,Rajshahi,No,Bachelor,Procurement,CC-109,Vendor Management Executive,Executive,Permanent,Dhaka Corporate Office,2021-09-15,4.29,Ahsan Habib,95000
MG-DHK-SAM-0170,Ashik Kabir,Male,37,35-44,Sylhet,No,Professional Certification,Sales & Marketing,CC-102,Area Sales Manager,Manager,Permanent,Dhaka Corporate Office,2020-07-01,5.5,Farzana Rahman,117500
MG-DHK-FIN-0171,Mizanur Haque,Male,39,35-44,Khulna,No,Master,Finance & Accounts,CC-104,Finance Manager,Manager,Permanent,Dhaka Corporate Office,2021-04-29,4.67,Shafiqur Rahman,175500
MG-GZP-PRD-0172,Raisa Talukder,Female,28,25-34,Rangpur,No,Trade Certificate,Production,CC-101,Production Operator,Worker,Permanent,Gazipur Manufacturing Unit,2020-08-20,5.36,Abdul Karim,23000
MG-DHK-FIN-0173,Tanvir Khatun,Male,25,25-34,Dhaka,No,Bachelor,Finance & Accounts,CC-104,Finance Officer,Officer,Contract,Dhaka Corporate Office,2019-10-19,6.2,Shafiqur Rahman,65000
MG-NGJ-PRD-0174,Mahmud Alam,Male,34,25-34,Khulna,No,HSC,Production,CC-101,Line Coordinator,Junior Staff,Contract,Narayanganj Production Plant,2015-08-01,10.42,Md. Shahidul Islam,28500
MG-NGJ-QAS-0175,Riyad Mahmud,Male,36,35-44,Dhaka,No,Master,Quality Assurance,CC-106,Regulatory Executive,Executive,Permanent,Narayanganj Production Plant,2021-10-11,4.22,Dr. Samira Sultana,72500
MG-DHK-LGL-0176,Mahmud Jahan,Male,45,45+,Rajshahi,No,Professional Certification,Legal & Compliance,CC-111,Compliance Manager,Manager,Permanent,Dhaka Corporate Office,2019-12-24,6.02,Barrister Nafisa Karim,169000
MG-CTG-SAM-0177,Nabila Alam,Female,23,Under 25,Dhaka,No,HSC,Sales & Marketing,CC-102,Marketing Assistant,Junior Staff,Permanent,Chattogram Distribution Hub,2021-03-23,4.77,Farzana Rahman,40000
MG-DHK-HRA-0178,Ishrat Ferdous,Female,36,35-44,Rajshahi,No,Bachelor,HR & Administration,CC-105,HR Executive,Executive,Permanent,Dhaka Corporate Office,2023-11-14,2.13,Md. Imran Hossain,104500
MG-RAJ-SAM-0179,Tanjina Rahman,Female,25,25-34,Rangpur,No,HSC,Sales & Marketing,CC-102,Sales Representative,Junior Staff,Permanent,Rajshahi Regional Office,2021-01-26,4.93,Farzana Rahman,40000
MG-GZP-PRD-0180,Lubna Sarker,Not Disclosed,26,25-34,Rangpur,No,HSC,Production,CC-101,Production Assistant,Junior Staff,Permanent,Gazipur Manufacturing Unit,2019-08-20,6.37,Md. Shahidul Islam,37500
MG-GZP-QAS-0181,Tareq Akter,Male,38,35-44,Chattogram,No,Professional Certification,Quality Assurance,CC-106,Senior Quality Officer,Senior Officer,Permanent,Gazipur Manufacturing Unit,2021-07-05,4.49,Ashikur Rahman,73500
MG-GZP-PRD-0182,Md. Karim Islam,Male,34,25-34,Chattogram,No,Master,Production,CC-101,Plant Operations Manager,Manager,Contract,Gazipur Manufacturing Unit,2022-09-14,3.3,Abdul Karim,131500
MG-DHK-PRD-0184,Ahsan Mia,Male,26,25-34,Dhaka,No,HSC,Production,CC-101,Production Assistant,Junior Staff,Permanent,Dhaka Corporate Office,2023-01-31,2.92,Abdul Karim,38000
MG-GZP-SCL-0185,Priyanka Hasan,Female,31,25-34,Mymensingh,No,Bachelor,Supply Chain & Logistics,CC-103,Inventory Officer,Officer,Permanent,Gazipur Manufacturing Unit,2022-12-02,3.08,Mahmudul Hasan,59000
MG-DHK-HRA-0187,Mahmud Kabir,Male,24,Under 25,Rangpur,No,Master,HR & Administration,CC-105,HR Officer,Officer,Permanent,Dhaka Corporate Office,2017-04-18,8.7,Nusrat Jahan,62500
MG-NGJ-PRD-0189,Nazmul Haque,Male,30,25-34,Rajshahi,No,HSC,Production,CC-101,Packing Assistant,Worker,Permanent,Narayanganj Production Plant,2021-04-13,4.72,Md. Shahidul Islam,23500
MG-DHK-HRA-0191,Tanvir Mahmud,Male,40,35-44,Khulna,No,Master,HR & Administration,CC-105,Senior HR Officer,Senior Officer,Permanent,Dhaka Corporate Office,2021-07-07,4.48,Nusrat Jahan,72500
MG-NGJ-PRD-0192,Priyanka Karim,Not Disclosed,29,25-34,Khulna,No,Bachelor,Production,CC-101,Production Assistant,Junior Staff,Permanent,Narayanganj Production Plant,2023-02-02,2.91,Abdul Karim,34000
MG-CTG-PRD-0193,Tareq Mahmud,Male,29,25-34,Rajshahi,No,HSC,Production,CC-101,Production Operator,Worker,Contract,Chattogram Distribution Hub,2020-03-14,5.8,Abdul Karim,26500
MG-GZP-SCL-0194,Nayeem Uddin,Male,41,35-44,Mymensingh,No,Professional Certification,Supply Chain & Logistics,CC-103,Supply Chain Executive,Executive,Permanent,Gazipur Manufacturing Unit,2022-12-05,3.07,Mahmudul Hasan,82500
MG-GZP-PRD-0195,Farhan Bhuiyan,Male,41,35-44,Sylhet,No,Master,Production,CC-101,Production Executive,Executive,Permanent,Gazipur Manufacturing Unit,2023-09-12,2.3,Md. Shahidul Islam,107500
MG-GZP-IT-0196,Nazmul Mia,Male,29,25-34,Rajshahi,No,Master,Information Technology,CC-108,Software Engineer,Executive,Permanent,Gazipur Manufacturing Unit,2018-11-09,7.14,Tanjina Akter,87500
MG-DHK-QAS-0197,Md. Rahim Talukder,Male,21,Under 25,Mymensingh,No,Bachelor,Quality Assurance,CC-106,QA Assistant,Junior Staff,Permanent,Dhaka Corporate Office,2022-08-18,3.37,Ashikur Rahman,41000
MG-NGJ-ENG-0198,Rafiq Mia,Male,21,Under 25,Chattogram,No,SSC,Engineering & Maintenance,CC-107,Mechanical Technician,Worker,Permanent,Narayanganj Production Plant,2017-09-15,8.29,Rakibul Hasan,27500
MG-GZP-PRD-0199,Jahid Hasan,Male,24,Under 25,Dhaka,No,Diploma,Production,CC-101,Line Coordinator,Junior Staff,Permanent,Gazipur Manufacturing Unit,2022-11-06,3.15,Abdul Karim,27000
MG-NGJ-CUS-0200,Afroza Islam,Female,43,35-44,Rajshahi,Yes,Professional Certification,Customer Service,CC-110,Customer Experience Executive,Executive,Permanent,Narayanganj Production Plant,2021-05-12,4.64,Rashedul Islam,93000
MG-DHK-SAM-0201,Mehedi Karim,Male,45,45+,Chattogram,No,Professional Certification,Sales & Marketing,CC-102,Sales Executive,Executive,Permanent,Dhaka Corporate Office,2021-05-14,4.63,Farzana Rahman,85000
MG-GZP-PRD-0202,Nadia Noor,Female,37,35-44,Khulna,No,Master,Production,CC-101,Shift Officer,Officer,Permanent,Gazipur Manufacturing Unit,2022-06-20,3.53,Md. Shahidul Islam,37000
MG-DHK-FIN-0203,Mizanur Hasan,Male,29,25-34,Mymensingh,No,Bachelor,Finance & Accounts,CC-104,Accounts Officer,Officer,Permanent,Dhaka Corporate Office,2022-10-25,3.18,Shafiqur Rahman,48500
MG-GZP-SAM-0204,Sabbir Mia,Male,35,35-44,Rajshahi,No,Master,Sales & Marketing,CC-102,Senior Brand Officer,Senior Officer,Permanent,Gazipur Manufacturing Unit,2021-01-10,4.97,Tanvir Ahmed,64000
MG-GZP-FIN-0205,Farhan Islam,Male,35,35-44,Chattogram,No,Professional Certification,Finance & Accounts,CC-104,Senior Accounts Officer,Senior Officer,Permanent,Gazipur Manufacturing Unit,2023-09-30,2.25,Shafiqur Rahman,58500
MG-CTG-PRD-0206,Hasan Kabir,Male,32,25-34,Chattogram,No,Bachelor,Production,CC-101,Shift Supervisor,Senior Officer,Permanent,Chattogram Distribution Hub,2020-08-18,5.37,Abdul Karim,73500
MG-DHK-IT-0207,Rafiq Hossain,Male,29,25-34,Chattogram,No,HSC,Information Technology,CC-108,Junior Developer,Junior Staff,Permanent,Dhaka Corporate Office,2019-07-04,6.49,Tanjina Akter,34500
MG-CTG-SAM-0208,Imran Alam,Male,49,45+,Rajshahi,No,Master,Sales & Marketing,CC-102,Brand Manager,Manager,Permanent,Chattogram Distribution Hub,2020-08-16,5.37,Tanvir Ahmed,152000
MG-DHK-SAM-0209,Ashik Mia,Male,40,35-44,Dhaka,No,Professional Certification,Sales & Marketing,CC-102,Senior Brand Officer,Senior Officer,Permanent,Dhaka Corporate Office,2018-03-18,7.79,Farzana Rahman,71500
MG-GZP-SCL-0211,Hasan Hossain,Male,40,35-44,Dhaka,No,Bachelor,Supply Chain & Logistics,CC-103,Supply Chain Executive,Executive,Permanent,Gazipur Manufacturing Unit,2017-07-24,8.44,Rezaul Karim,88500
MG-DHK-CUS-0212,Riyad Rahman,Male,30,25-34,Dhaka,No,Master,Customer Service,CC-110,Complaint Resolution Officer,Officer,Permanent,Dhaka Corporate Office,2020-09-20,5.28,Jannatul Ferdous,47000
MG-DHK-FIN-0213,Tasnim Akter,Female,29,25-34,Rajshahi,No,Bachelor,Finance & Accounts,CC-104,Accounts Assistant,Junior Staff,Permanent,Dhaka Corporate Office,2022-10-04,3.24,Sadia Islam,42500
MG-GZP-PRD-0214,Tareq Khan,Male,24,Under 25,Rajshahi,No,Diploma,Production,CC-101,Production Officer,Officer,Permanent,Gazipur Manufacturing Unit,2020-04-01,5.75,Md. Shahidul Islam,52000
MG-GZP-PRD-0215,Zahid Haque,Male,45,45+,Khulna,No,SSC,Production,CC-101,Machine Operator,Worker,Permanent,Gazipur Manufacturing Unit,2020-07-15,5.46,Md. Shahidul Islam,25000
MG-RAJ-ENG-0216,Sabbir Ahmed,Male,36,35-44,Rajshahi,No,Bachelor,Engineering & Maintenance,CC-107,Utilities Officer,Officer,Permanent,Rajshahi Regional Office,2020-09-29,5.25,Rakibul Hasan,44500
MG-CTG-SCL-0218,Rashed Talukder,Male,41,35-44,Khulna,No,SSC,Supply Chain & Logistics,CC-103,Warehouse Assistant,Worker,Contract,Chattogram Distribution Hub,2017-09-16,8.29,Rezaul Karim,21000
MG-GZP-ENG-0219,Hasan Mia,Male,32,25-34,Rajshahi,No,SSC,Engineering & Maintenance,CC-107,Mechanical Technician,Worker,Contract,Gazipur Manufacturing Unit,2017-03-25,8.77,Rakibul Hasan,26500
MG-CTG-HRA-0220,Sumaiya Khatun,Female,45,45+,Dhaka,No,Master,HR & Administration,CC-105,HR Executive,Executive,Permanent,Chattogram Distribution Hub,2020-02-28,5.84,Md. Imran Hossain,94000
MG-DHK-CST-0221,Arif Mia,Male,34,25-34,Chattogram,No,Master,Corporate Strategy,CC-112,Senior Business Analyst,Senior Officer,Permanent,Dhaka Corporate Office,2021-02-26,4.84,Anika Tasnim,90000
MG-GZP-SCL-0222,Jahid Sarker,Male,31,25-34,Dhaka,No,Bachelor,Supply Chain & Logistics,CC-103,Warehouse Supervisor,Senior Officer,Permanent,Gazipur Manufacturing Unit,2021-09-23,4.27,Mahmudul Hasan,83500
MG-RAJ-SAM-0223,Kamrul Kabir,Male,31,25-34,Chattogram,No,Diploma,Sales & Marketing,CC-102,Sales Representative,Junior Staff,Permanent,Rajshahi Regional Office,2022-05-10,3.64,Farzana Rahman,26500
MG-GZP-HRA-0224,Mst. Roksana Rashid,Female,30,25-34,Dhaka,No,Bachelor,HR & Administration,CC-105,Admin Officer,Officer,Permanent,Gazipur Manufacturing Unit,2020-01-16,5.96,Md. Imran Hossain,39000
MG-DHK-FIN-0225,Rifat Rahman,Female,40,35-44,Chattogram,No,Master,Finance & Accounts,CC-104,Senior Finance Officer,Senior Officer,Permanent,Dhaka Corporate Office,2023-08-31,2.34,Shafiqur Rahman,57500
MG-NGJ-PRD-0226,Sabbir Chowdhury,Male,30,25-34,Rangpur,No,SSC,Production,CC-101,Machine Operator,Worker,Permanent,Narayanganj Production Plant,2023-04-28,2.68,Md. Shahidul Islam,28500
MG-GZP-PRD-0228,Shuvo Ahmed,Male,27,25-34,Rangpur,No,Bachelor,Production,CC-101,Production Officer,Officer,Permanent,Gazipur Manufacturing Unit,2023-10-19,2.2,Md. Shahidul Islam,49000
MG-CTG-CST-0229,Afroza Islam,Female,36,35-44,Chattogram,No,Master,Corporate Strategy,CC-112,Senior Strategy Officer,Senior Officer,Permanent,Chattogram Distribution Hub,2022-12-04,3.07,Anika Tasnim,57000
MG-GZP-SCL-0230,Rashed Rashid,Male,25,25-34,Chattogram,No,Diploma,Supply Chain & Logistics,CC-103,Inventory Officer,Officer,Permanent,Gazipur Manufacturing Unit,2022-01-03,3.99,Mahmudul Hasan,46000
MG-CTG-SAM-0232,Jannatul Ferdous,Female,30,25-34,Chattogram,No,Master,Sales & Marketing,CC-102,Digital Marketing Executive,Executive,Permanent,Chattogram Distribution Hub,2016-06-09,9.56,Tanvir Ahmed,73500
MG-GZP-PRD-0233,Saiful Alam,Male,33,25-34,Chattogram,No,HSC,Production,CC-101,Line Coordinator,Junior Staff,Permanent,Gazipur Manufacturing Unit,2021-08-08,4.4,Abdul Karim,44500
MG-NGJ-SCL-0234,Shakil Bhuiyan,Male,34,25-34,Sylhet,No,Bachelor,Supply Chain & Logistics,CC-103,Logistics Officer,Officer,Permanent,Narayanganj Production Plant,2020-09-11,5.3,Mahmudul Hasan,46500
MG-GZP-SCL-0235,Md. Rahim Kabir,Male,34,25-34,Khulna,No,HSC,Supply Chain & Logistics,CC-103,Dispatch Coordinator,Junior Staff,Permanent,Gazipur Manufacturing Unit,2021-12-17,4.04,Mahmudul Hasan,35500
MG-GZP-PRO-0236,Riyad Kabir,Male,22,Under 25,Dhaka,No,HSC,Procurement,CC-109,Purchase Assistant,Junior Staff,Permanent,Gazipur Manufacturing Unit,2022-05-31,3.59,Maliha Noor,36000
MG-GZP-FIN-0237,Saiful Haque,Male,42,35-44,Rangpur,No,Master,Finance & Accounts,CC-104,Finance Executive,Executive,Contract,Gazipur Manufacturing Unit,2021-11-18,4.12,Shafiqur Rahman,104000
MG-GZP-PRD-0238,Shuvo Khan,Male,35,35-44,Khulna,No,Professional Certification,Production,CC-101,Planning Executive,Executive,Permanent,Gazipur Manufacturing Unit,2020-03-12,5.8,Md. Shahidul Islam,71500
MG-DHK-SCL-0239,Mim Chowdhury,Female,36,35-44,Chattogram,No,SSC,Supply Chain & Logistics,CC-103,Loader,Worker,Permanent,Dhaka Corporate Office,2016-05-24,9.6,Mahmudul Hasan,25500
MG-CTG-SAM-0241,Anika Khan,Female,44,35-44,Chattogram,No,Bachelor,Sales & Marketing,CC-102,Brand Manager,Manager,Permanent,Chattogram Distribution Hub,2020-06-25,5.52,Farzana Rahman,128000
MG-CTG-QAS-0242,Moumita Khan,Not Disclosed,38,35-44,Khulna,No,Bachelor,Quality Assurance,CC-106,Quality Officer,Officer,Permanent,Chattogram Distribution Hub,2020-08-25,5.35,Dr. Samira Sultana,56000
MG-GZP-IT-0243,Rakib Rahman,Male,33,25-34,Rangpur,No,Master,Information Technology,CC-108,Senior IT Officer,Senior Officer,Permanent,Gazipur Manufacturing Unit,2022-07-27,3.43,Sabbir Hossain,93000
MG-NGJ-PRD-0244,Md. Rahim Uddin,Male,34,25-34,Chattogram,No,HSC,Production,CC-101,Packing Assistant,Worker,Permanent,Narayanganj Production Plant,2023-11-17,2.12,Md. Shahidul Islam,32500
MG-GZP-PRD-0245,Farzana Haque,Female,31,25-34,Dhaka,No,Master,Production,CC-101,Production Executive,Executive,Permanent,Gazipur Manufacturing Unit,2020-08-02,5.41,Md. Shahidul Islam,76000
MG-GZP-SAM-0246,Mahmud Sarker,Male,38,35-44,Dhaka,No,Master,Sales & Marketing,CC-102,Brand Officer,Officer,Permanent,Gazipur Manufacturing Unit,2016-10-04,9.24,Farzana Rahman,45000
MG-GZP-PRD-0247,Shakil Talukder,Male,34,25-34,Dhaka,No,Bachelor,Production,CC-101,Shift Officer,Officer,Permanent,Gazipur Manufacturing Unit,2023-01-26,2.93,Md. Shahidul Islam,55500
MG-RAJ-SCL-0248,Rashed Chowdhury,Male,24,Under 25,Mymensingh,No,Trade Certificate,Supply Chain & Logistics,CC-103,Loader,Worker,Permanent,Rajshahi Regional Office,2021-05-22,4.61,Mahmudul Hasan,30000
MG-DHK-SAM-0250,Imran Sarker,Male,40,35-44,Rangpur,No,Master,Sales & Marketing,CC-102,Area Sales Manager,Manager,Permanent,Dhaka Corporate Office,2022-09-08,3.31,Farzana Rahman,155000
MG-DHK-HRA-0251,Mst. Roksana Chowdhury,Female,40,35-44,Dhaka,Yes,Professional Certification,HR & Administration,CC-105,HR Manager,Manager,Permanent,Dhaka Corporate Office,2021-04-11,4.72,Nusrat Jahan,162000
MG-NGJ-CUS-0252,Rakib Alam,Male,28,25-34,Dhaka,No,Diploma,Customer Service,CC-110,Customer Service Representative,Junior Staff,Permanent,Narayanganj Production Plant,2019-01-24,6.93,Rashedul Islam,29000
MG-GZP-ENG-0253,Saiful Khan,Male,24,Under 25,Dhaka,No,Bachelor,Engineering & Maintenance,CC-107,Maintenance Coordinator,Junior Staff,Permanent,Gazipur Manufacturing Unit,2018-10-13,7.22,Rakibul Hasan,38500
MG-DHK-PRO-0254,Shafiq Hossain,Male,31,25-34,Dhaka,No,HSC,Procurement,CC-109,Vendor Coordinator,Junior Staff,Permanent,Dhaka Corporate Office,2023-04-15,2.71,Maliha Noor,35500
MG-DHK-CST-0255,Moumita Alam,Female,32,25-34,Chattogram,No,Bachelor,Corporate Strategy,CC-112,Business Analyst,Officer,Permanent,Dhaka Corporate Office,2019-04-05,6.74,Mushfiqur Rahman,45000
MG-GZP-PRD-0256,Jahid Haque,Male,22,Under 25,Khulna,No,Diploma,Production,CC-101,Line Coordinator,Junior Staff,Permanent,Gazipur Manufacturing Unit,2021-12-20,4.03,Md. Shahidul Islam,43000
MG-NGJ-PRD-0257,Nazmul Alam,Male,21,Under 25,Khulna,No,SSC,Production,CC-101,Packing Assistant,Worker,Permanent,Narayanganj Production Plant,2019-05-17,6.63,Abdul Karim,24000
MG-NGJ-QAS-0260,Fahim Hasan,Male,25,25-34,Dhaka,No,Bachelor,Quality Assurance,CC-106,QC Technician,Junior Staff,Permanent,Narayanganj Production Plant,2022-04-25,3.69,Dr. Samira Sultana,35000
MG-RAJ-SAM-0261,Nafisa Islam,Female,42,35-44,Dhaka,No,Master,Sales & Marketing,CC-102,Senior Brand Officer,Senior Officer,Permanent,Rajshahi Regional Office,2022-10-27,3.18,Farzana Rahman,76500
MG-DHK-SAM-0262,Zahid Noor,Male,40,35-44,Rangpur,No,Master,Sales & Marketing,CC-102,Regional Sales Manager,Senior Manager,Permanent,Dhaka Corporate Office,2019-02-05,6.9,Farzana Rahman,279000
MG-DHK-HRA-0263,Ayesha Hasan,Female,33,25-34,Khulna,No,Bachelor,HR & Administration,CC-105,HR Manager,Manager,Permanent,Dhaka Corporate Office,2022-03-01,3.84,Nusrat Jahan,134500
MG-GZP-SAM-0264,Sabbir Chowdhury,Male,36,35-44,Khulna,No,Master,Sales & Marketing,CC-102,Sales Executive,Executive,Permanent,Gazipur Manufacturing Unit,2019-04-26,6.68,Farzana Rahman,92000
MG-DHK-HRA-0265,Jahid Karim,Male,30,25-34,Dhaka,No,Master,HR & Administration,CC-105,Senior Admin Officer,Senior Officer,Permanent,Dhaka Corporate Office,2017-01-21,8.94,Nusrat Jahan,89000
MG-GZP-PRD-0266,Farhan Islam,Male,41,35-44,Dhaka,No,SSC,Production,CC-101,Machine Operator,Worker,Permanent,Gazipur Manufacturing Unit,2018-03-02,7.83,Abdul Karim,32500
MG-DHK-CST-0267,Saiful Rahman,Male,38,35-44,Dhaka,No,Bachelor,Corporate Strategy,CC-112,Senior Business Analyst,Senior Officer,Probation,Dhaka Corporate Office,2019-03-17,6.79,Anika Tasnim,94000
MG-DHK-FIN-0268,Mizanur Mahmud,Male,44,35-44,Chattogram,No,Professional Certification,Finance & Accounts,CC-104,Senior Manager - Finance,Senior Manager,Permanent,Dhaka Corporate Office,2019-05-21,6.61,Sadia Islam,272000
MG-GZP-SCL-0269,Md. Karim Akter,Male,29,25-34,Khulna,No,Bachelor,Supply Chain & Logistics,CC-103,Planning Executive,Executive,Permanent,Gazipur Manufacturing Unit,2020-03-11,5.81,Mahmudul Hasan,102000
MG-NGJ-PRD-0271,Hasan Ferdous,Male,20,Under 25,Sylhet,No,SSC,Production,CC-101,Production Operator,Worker,Permanent,Narayanganj Production Plant,2017-12-19,8.03,Abdul Karim,29000
MG-GZP-PRD-0272,Arif Rashid,Male,42,35-44,Khulna,No,SSC,Production,CC-101,Production Operator,Worker,Contract,Gazipur Manufacturing Unit,2016-12-27,9.01,Abdul Karim,21500
MG-CTG-SAM-0273,Rafiq Chowdhury,Male,43,35-44,Chattogram,No,Master,Sales & Marketing,CC-102,Regional Sales Manager,Senior Manager,Permanent,Chattogram Distribution Hub,2021-05-19,4.62,Farzana Rahman,187500
MG-GZP-ENG-0275,Monir Rahman,Male,41,35-44,Chattogram,No,Professional Certification,Engineering & Maintenance,CC-107,Senior Maintenance Officer,Senior Officer,Permanent,Gazipur Manufacturing Unit,2017-07-24,8.44,Md. Moniruzzaman,66500
MG-NGJ-CUS-0276,Sabbir Karim,Male,44,35-44,Khulna,No,Bachelor,Customer Service,CC-110,Service Quality Executive,Executive,Contract,Narayanganj Production Plant,2018-09-09,7.31,Rashedul Islam,99000
MG-GZP-QAS-0277,Zahid Chowdhury,Male,46,45+,Chattogram,No,HSC,Quality Assurance,CC-106,Quality Inspector,Worker,Permanent,Gazipur Manufacturing Unit,2021-10-09,4.23,Dr. Samira Sultana,29000
MG-DHK-SCL-0278,Ahsan Jahan,Male,36,35-44,Chattogram,No,HSC,Supply Chain & Logistics,CC-103,Loader,Worker,Permanent,Dhaka Corporate Office,2020-10-04,5.24,Mahmudul Hasan,25500
MG-RAJ-SCL-0279,Shafiq Mia,Male,34,25-34,Sylhet,No,Bachelor,Supply Chain & Logistics,CC-103,Planning Executive,Executive,Permanent,Rajshahi Regional Office,2018-06-30,7.5,Rezaul Karim,110000
MG-GZP-SAM-0280,Rakib Ahmed,Male,38,35-44,Dhaka,No,Bachelor,Sales & Marketing,CC-102,Territory Sales Officer,Officer,Probation,Gazipur Manufacturing Unit,2020-07-17,5.46,Tanvir Ahmed,45000
MG-GZP-ENG-0282,Shafiq Noor,Male,38,35-44,Sylhet,No,SSC,Engineering & Maintenance,CC-107,Mechanical Technician,Worker,Permanent,Gazipur Manufacturing Unit,2022-01-10,3.97,Rakibul Hasan,24000
MG-DHK-HRA-0283,Samira Chowdhury,Female,50,45+,Rangpur,No,Master,HR & Administration,CC-105,Head of Human Resources,Head,Permanent,Dhaka Corporate Office,2020-08-23,5.36,Nusrat Jahan,429000
MG-GZP-SAM-0284,Nazmul Talukder,Male,38,35-44,Dhaka,No,Master,Sales & Marketing,CC-102,Digital Marketing Executive,Executive,Permanent,Gazipur Manufacturing Unit,2017-05-05,8.66,Farzana Rahman,115000
MG-NGJ-PRD-0285,Asif Talukder,Male,42,35-44,Khulna,No,Master,Production,CC-101,Production Manager,Manager,Probation,Narayanganj Production Plant,2017-09-16,8.29,Abdul Karim,113500
MG-NGJ-PRD-0286,Nazmul Jahan,Male,32,25-34,Chattogram,No,Bachelor,Production,CC-101,Shift Officer,Officer,Permanent,Narayanganj Production Plant,2021-09-25,4.27,Md. Shahidul Islam,58500
MG-NGJ-PRD-0287,Tasnim Islam,Female,24,Under 25,Dhaka,No,HSC,Production,CC-101,Production Operator,Worker,Contract,Narayanganj Production Plant,2023-04-08,2.73,Abdul Karim,28000
MG-DHK-FIN-0289,Sadia Ferdous,Female,27,25-34,Chattogram,No,Bachelor,Finance & Accounts,CC-104,Senior Accounts Officer,Senior Officer,Permanent,Dhaka Corporate Office,2020-06-05,5.57,Sadia Islam,60500
MG-GZP-PRD-0290,Shakil Karim,Male,40,35-44,Dhaka,No,Bachelor,Production,CC-101,Senior Production Officer,Senior Officer,Permanent,Gazipur Manufacturing Unit,2021-08-06,4.4,Abdul Karim,85500
MG-NGJ-SAM-0291,Mim Mahmud,Female,33,25-34,Khulna,No,Diploma,Sales & Marketing,CC-102,Territory Sales Officer,Officer,Permanent,Narayanganj Production Plant,2018-08-28,7.34,Farzana Rahman,56500
MG-NGJ-ENG-0292,Fahim Rahman,Male,39,35-44,Dhaka,No,Bachelor,Engineering & Maintenance,CC-107,Senior Maintenance Officer,Senior Officer,Permanent,Narayanganj Production Plant,2016-06-20,9.53,Md. Moniruzzaman,78500
MG-NGJ-SCL-0295,Saiful Akter,Male,22,Under 25,Rangpur,No,HSC,Supply Chain & Logistics,CC-103,Warehouse Assistant,Worker,Contract,Narayanganj Production Plant,2021-11-19,4.11,Rezaul Karim,26500
MG-DHK-SAM-0296,Saiful Rahman,Male,28,25-34,Mymensingh,No,Bachelor,Sales & Marketing,CC-102,Senior Territory Officer,Senior Officer,Probation,Dhaka Corporate Office,2020-11-03,5.16,Tanvir Ahmed,78500
MG-GZP-CUS-0297,Rafiq Bhuiyan,Male,33,25-34,Rajshahi,No,HSC,Customer Service,CC-110,Call Centre Agent,Junior Staff,Contract,Gazipur Manufacturing Unit,2021-04-19,4.7,Rashedul Islam,44500
MG-DHK-SAM-0298,Hasan Uddin,Male,26,25-34,Dhaka,No,Diploma,Sales & Marketing,CC-102,Marketing Assistant,Junior Staff,Permanent,Dhaka Corporate Office,2020-06-23,5.52,Tanvir Ahmed,34000
MG-CTG-SAM-0299,Fahim Khan,Male,38,35-44,Chattogram,No,Master,Sales & Marketing,CC-102,Senior Territory Officer,Senior Officer,Permanent,Chattogram Distribution Hub,2022-11-21,3.11,Tanvir Ahmed,67000
MG-DHK-SAM-0300,Zahid Rahman,Male,42,35-44,Rajshahi,No,Master,Sales & Marketing,CC-102,Regional Sales Manager,Senior Manager,Permanent,Dhaka Corporate Office,2022-12-18,3.04,Tanvir Ahmed,208500
MG-GZP-FIN-0301,Jahid Khatun,Male,27,25-34,Dhaka,No,Diploma,Finance & Accounts,CC-104,Accounts Assistant,Junior Staff,Permanent,Gazipur Manufacturing Unit,2019-02-02,6.91,Shafiqur Rahman,42500
MG-GZP-PRD-0302,Mehedi Bhuiyan,Male,51,45+,Dhaka,No,Master,Production,CC-101,Senior Manager - Production,Senior Manager,Permanent,Gazipur Manufacturing Unit,2023-07-30,2.42,Md. Shahidul Islam,216500
MG-GZP-QAS-0303,Rakib Rashid,Male,44,35-44,Khulna,No,SSC,Quality Assurance,CC-106,Quality Inspector,Worker,Permanent,Gazipur Manufacturing Unit,2021-10-08,4.23,Dr. Samira Sultana,25500
MG-CTG-SCL-0304,Sabbir Mahmud,Male,22,Under 25,Khulna,No,HSC,Supply Chain & Logistics,CC-103,Warehouse Assistant,Worker,Permanent,Chattogram Distribution Hub,2022-08-11,3.39,Rezaul Karim,26500
MG-DHK-CUS-0305,Sharmeen Talukder,Female,23,Under 25,Sylhet,No,Master,Customer Service,CC-110,Customer Service Officer,Officer,Intern,Dhaka Corporate Office,2020-09-03,5.33,Jannatul Ferdous,64000
MG-DHK-HRA-0306,Shakil Bhuiyan,Male,31,25-34,Dhaka,No,Master,HR & Administration,CC-105,Payroll Executive,Executive,Permanent,Dhaka Corporate Office,2018-08-27,7.35,Md. Imran Hossain,100500
MG-GZP-PRD-0307,Sabbir Noor,Male,31,25-34,Dhaka,No,SSC,Production,CC-101,Machine Operator,Worker,Permanent,Gazipur Manufacturing Unit,2022-09-23,3.27,Abdul Karim,24000
MG-GZP-PRO-0308,Mehedi Jahan,Male,28,25-34,Rangpur,Yes,Bachelor,Procurement,CC-109,Sourcing Officer,Officer,Permanent,Gazipur Manufacturing Unit,2015-12-12,10.05,Ahsan Habib,53000
MG-NGJ-ENG-0309,Arif Khatun,Male,41,35-44,Barishal,No,Trade Certificate,Engineering & Maintenance,CC-107,Electrician,Worker,Contract,Narayanganj Production Plant,2017-09-01,8.33,Rakibul Hasan,30000
MG-DHK-IT-0310,Sabbir Rahman,Male,27,25-34,Barishal,No,Diploma,Information Technology,CC-108,Junior Developer,Junior Staff,Permanent,Dhaka Corporate Office,2021-08-08,4.4,Sabbir Hossain,33500
MG-CTG-SCL-0311,Ahsan Khan,Male,22,Under 25,Dhaka,No,SSC,Supply Chain & Logistics,CC-103,Loader,Worker,Permanent,Chattogram Distribution Hub,2023-10-24,2.19,Mahmudul Hasan,24000
MG-CTG-SAM-0313,Nabila Chowdhury,Female,24,Under 25,Chattogram,No,Bachelor,Sales & Marketing,CC-102,Marketing Assistant,Junior Staff,Permanent,Chattogram Distribution Hub,2015-09-26,10.26,Farzana Rahman,45500
MG-GZP-FIN-0314,Tasnim Mahmud,Female,37,35-44,Dhaka,No,Bachelor,Finance & Accounts,CC-104,Accounts Officer,Officer,Permanent,Gazipur Manufacturing Unit,2019-05-26,6.6,Shafiqur Rahman,40000
MG-GZP-PRD-0315,Tareq Haque,Male,41,35-44,Chattogram,No,Master,Production,CC-101,Shift Supervisor,Senior Officer,Permanent,Gazipur Manufacturing Unit,2023-05-27,2.6,Abdul Karim,78500
MG-GZP-PRD-0316,Tareq Ferdous,Male,28,25-34,Chattogram,No,SSC,Production,CC-101,Machine Operator,Worker,Permanent,Gazipur Manufacturing Unit,2022-01-14,3.96,Md. Shahidul Islam,19500
MG-NGJ-ENG-0317,Rafiq Akter,Male,27,25-34,Chattogram,No,Diploma,Engineering & Maintenance,CC-107,Technical Assistant,Junior Staff,Permanent,Narayanganj Production Plant,2021-11-30,4.08,Rakibul Hasan,33500
MG-CTG-CST-0318,Raisa Ferdous,Female,41,35-44,Barishal,Yes,Bachelor,Corporate Strategy,CC-112,Senior Strategy Officer,Senior Officer,Permanent,Chattogram Distribution Hub,2021-07-05,4.49,Anika Tasnim,74500
MG-NGJ-HRA-0319,Md. Karim Hasan,Male,35,35-44,Chattogram,No,Master,HR & Administration,CC-105,HR Officer,Officer,Contract,Narayanganj Production Plant,2017-02-26,8.84,Md. Imran Hossain,44500
MG-GZP-ENG-0320,Arif Akter,Male,44,35-44,Dhaka,No,Bachelor,Engineering & Maintenance,CC-107,Project Engineer,Executive,Permanent,Gazipur Manufacturing Unit,2021-09-28,4.26,Md. Moniruzzaman,106500
MG-DHK-LGL-0323,Tahmina Bhuiyan,Female,23,Under 25,Dhaka,No,Bachelor,Legal & Compliance,CC-111,Legal Officer,Officer,Permanent,Dhaka Corporate Office,2020-04-16,5.71,Shamim Ahmed,47500
MG-CTG-QAS-0324,Ashik Bhuiyan,Male,29,25-34,Barishal,No,HSC,Quality Assurance,CC-106,Quality Inspector,Worker,Contract,Chattogram Distribution Hub,2019-02-19,6.86,Ashikur Rahman,24000
MG-GZP-PRD-0325,Nayeem Rahman,Male,35,35-44,Sylhet,No,Master,Production,CC-101,Planning Executive,Executive,Permanent,Gazipur Manufacturing Unit,2022-05-13,3.64,Md. Shahidul Islam,72000
MG-NGJ-ENG-0327,Shuvo Hossain,Male,26,25-34,Khulna,No,Master,Engineering & Maintenance,CC-107,Maintenance Officer,Officer,Permanent,Narayanganj Production Plant,2022-07-23,3.44,Md. Moniruzzaman,65000
MG-DHK-CUS-0328,Shafiq Jahan,Male,40,35-44,Rangpur,No,Bachelor,Customer Service,CC-110,Senior Customer Service Officer,Senior Officer,Contract,Dhaka Corporate Office,2019-08-26,6.35,Rashedul Islam,83500
MG-GZP-SCL-0329,Hasan Alam,Male,38,35-44,Rajshahi,No,Bachelor,Supply Chain & Logistics,CC-103,Logistics Officer,Officer,Permanent,Gazipur Manufacturing Unit,2017-04-20,8.7,Mahmudul Hasan,47000
MG-NGJ-PRD-0330,Sadia Chowdhury,Female,37,35-44,Mymensingh,No,Master,Production,CC-101,Production Executive,Executive,Permanent,Narayanganj Production Plant,2022-11-20,3.11,Md. Shahidul Islam,91500
MG-GZP-SCL-0331,Rafiq Haque,Male,23,Under 25,Dhaka,No,Bachelor,Supply Chain & Logistics,CC-103,Inventory Officer,Officer,Permanent,Gazipur Manufacturing Unit,2017-07-28,8.43,Rezaul Karim,58500
MG-GZP-PRO-0333,Ahsan Hossain,Male,38,35-44,Rajshahi,No,Master,Procurement,CC-109,Vendor Management Executive,Executive,Permanent,Gazipur Manufacturing Unit,2017-08-10,8.39,Maliha Noor,98500
MG-GZP-SCL-0334,Shafiq Islam,Male,29,25-34,Rangpur,No,Bachelor,Supply Chain & Logistics,CC-103,Logistics Officer,Officer,Probation,Gazipur Manufacturing Unit,2023-03-31,2.75,Mahmudul Hasan,63000
MG-GZP-PRO-0335,Rafiq Hasan,Male,28,25-34,Rajshahi,No,Bachelor,Procurement,CC-109,Purchase Assistant,Junior Staff,Permanent,Gazipur Manufacturing Unit,2020-03-11,5.81,Ahsan Habib,30000
MG-DHK-CST-0336,Monir Khatun,Male,42,35-44,Dhaka,No,Master,Corporate Strategy,CC-112,Project Management Executive,Executive,Permanent,Dhaka Corporate Office,2021-07-19,4.45,Anika Tasnim,94000
MG-GZP-QAS-0337,Asif Uddin,Male,29,25-34,Rajshahi,No,Diploma,Quality Assurance,CC-106,QC Technician,Junior Staff,Contract,Gazipur Manufacturing Unit,2021-12-10,4.06,Dr. Samira Sultana,33000
MG-GZP-QAS-0338,Tareq Rashid,Male,28,25-34,Mymensingh,No,Master,Quality Assurance,CC-106,Quality Officer,Officer,Permanent,Gazipur Manufacturing Unit,2016-06-21,9.53,Ashikur Rahman,43000
MG-DHK-QAS-0339,Hasan Jahan,Male,35,35-44,Rajshahi,No,SSC,Quality Assurance,CC-106,Lab Assistant,Worker,Permanent,Dhaka Corporate Office,2020-09-08,5.31,Ashikur Rahman,33000
MG-DHK-CUS-0340,Asif Uddin,Male,29,25-34,Dhaka,No,Master,Customer Service,CC-110,Team Supervisor,Senior Officer,Probation,Dhaka Corporate Office,2022-06-29,3.51,Jannatul Ferdous,67000
MG-DHK-CUS-0342,Samira Rashid,Female,30,25-34,Rangpur,No,HSC,Customer Service,CC-110,Call Centre Agent,Junior Staff,Permanent,Dhaka Corporate Office,2018-07-07,7.49,Rashedul Islam,38000
MG-DHK-PRO-0343,Lubna Hossain,Female,42,35-44,Rangpur,No,Master,Procurement,CC-109,Procurement Manager,Manager,Permanent,Dhaka Corporate Office,2017-12-01,8.08,Maliha Noor,179500
MG-CTG-PRD-0345,Rafiq Bhuiyan,Male,26,25-34,Dhaka,No,Bachelor,Production,CC-101,Production Officer,Officer,Probation,Chattogram Distribution Hub,2016-07-29,9.42,Abdul Karim,47500
MG-GZP-PRD-0346,Samira Rahman,Female,40,35-44,Dhaka,No,Master,Production,CC-101,Planning Executive,Executive,Permanent,Gazipur Manufacturing Unit,2022-07-04,3.49,Md. Shahidul Islam,98500
MG-GZP-PRD-0348,Imran Noor,Male,30,25-34,Rajshahi,No,SSC,Production,CC-101,Packing Assistant,Worker,Permanent,Gazipur Manufacturing Unit,2016-07-01,9.5,Abdul Karim,33500
MG-GZP-QAS-0349,Nabila Jahan,Female,46,45+,Sylhet,No,Bachelor,Quality Assurance,CC-106,Quality Manager,Manager,Permanent,Gazipur Manufacturing Unit,2017-02-04,8.9,Ashikur Rahman,144500
MG-NGJ-PRD-0351,Fahim Islam,Male,29,25-34,Sylhet,No,Trade Certificate,Production,CC-101,Packing Assistant,Worker,Contract,Narayanganj Production Plant,2020-01-04,5.99,Md. Shahidul Islam,22000
MG-GZP-PRD-0353,Farhan Islam,Male,29,25-34,Rajshahi,No,HSC,Production,CC-101,Machine Operator,Worker,Permanent,Gazipur Manufacturing Unit,2022-11-23,3.1,Md. Shahidul Islam,33000
MG-NGJ-FIN-0354,Ahsan Rashid,Male,26,25-34,Rajshahi,No,Bachelor,Finance & Accounts,CC-104,Accounts Assistant,Junior Staff,Permanent,Narayanganj Production Plant,2018-09-19,7.28,Sadia Islam,44000
MG-GZP-ENG-0355,Nayeem Rahman,Male,39,35-44,Rajshahi,No,HSC,Engineering & Maintenance,CC-107,Electrician,Worker,Permanent,Gazipur Manufacturing Unit,2022-01-16,3.96,Md. Moniruzzaman,22500
MG-GZP-SCL-0356,Rakib Mahmud,Male,29,25-34,Dhaka,No,Bachelor,Supply Chain & Logistics,CC-103,Logistics Officer,Officer,Permanent,Gazipur Manufacturing Unit,2021-04-20,4.7,Rezaul Karim,46000
MG-DHK-CUS-0357,Asif Hossain,Male,33,25-34,Dhaka,No,HSC,Customer Service,CC-110,Customer Care Assistant,Worker,Permanent,Dhaka Corporate Office,2021-11-21,4.11,Rashedul Islam,21000
MG-DHK-SAM-0358,Rakib Noor,Male,23,Under 25,Rangpur,No,Master,Sales & Marketing,CC-102,Brand Officer,Officer,Permanent,Dhaka Corporate Office,2019-09-03,6.33,Farzana Rahman,40000
MG-GZP-HRA-0359,Mahmud Hasan,Male,37,35-44,Dhaka,No,Professional Certification,HR & Administration,CC-105,Administration Manager,Manager,Permanent,Gazipur Manufacturing Unit,2023-10-08,2.23,Nusrat Jahan,153000
MG-DHK-SAM-0360,Sanjida Ferdous,Female,45,45+,Dhaka,No,Master,Sales & Marketing,CC-102,Brand Manager,Manager,Permanent,Dhaka Corporate Office,2020-10-30,5.17,Farzana Rahman,117000
MG-NGJ-ENG-0361,Ishrat Rahman,Female,39,35-44,Rajshahi,No,HSC,Engineering & Maintenance,CC-107,Maintenance Helper,Worker,Contract,Narayanganj Production Plant,2017-01-06,8.98,Rakibul Hasan,26000
MG-DHK-SAM-0362,Rifat Khan,Female,40,35-44,Rajshahi,No,Master,Sales & Marketing,CC-102,Regional Sales Manager,Senior Manager,Permanent,Dhaka Corporate Office,2022-03-07,3.82,Farzana Rahman,253000
MG-DHK-HRA-0363,Ishrat Ahmed,Female,32,25-34,Dhaka,No,Bachelor,HR & Administration,CC-105,Admin Officer,Officer,Contract,Dhaka Corporate Office,2021-09-02,4.33,Nusrat Jahan,64000
MG-DHK-SAM-0364,Rifat Bhuiyan,Female,42,35-44,Dhaka,No,Professional Certification,Sales & Marketing,CC-102,Senior Territory Officer,Senior Officer,Permanent,Dhaka Corporate Office,2021-03-09,4.81,Farzana Rahman,67500
MG-DHK-FIN-0365,Ahsan Karim,Male,30,25-34,Dhaka,No,Master,Finance & Accounts,CC-104,Tax & VAT Executive,Executive,Permanent,Dhaka Corporate Office,2019-10-08,6.23,Sadia Islam,96500
MG-DHK-CST-0367,Nadia Alam,Female,38,35-44,Dhaka,No,Bachelor,Corporate Strategy,CC-112,Business Analyst,Officer,Probation,Dhaka Corporate Office,2021-01-11,4.97,Anika Tasnim,66000
MG-GZP-PRD-0368,Farzana Haque,Female,40,35-44,Rangpur,No,SSC,Production,CC-101,Machine Operator,Worker,Contract,Gazipur Manufacturing Unit,2019-07-25,6.44,Abdul Karim,25000
MG-DHK-CST-0369,Fahim Karim,Male,21,Under 25,Mymensingh,No,HSC,Corporate Strategy,CC-112,PMO Assistant,Junior Staff,Permanent,Dhaka Corporate Office,2022-09-06,3.32,Anika Tasnim,46000
MG-CTG-QAS-0370,Md. Rahim Uddin,Male,20,Under 25,Dhaka,No,HSC,Quality Assurance,CC-106,Lab Assistant,Worker,Permanent,Chattogram Distribution Hub,2019-11-16,6.12,Dr. Samira Sultana,25500
MG-DHK-CST-0371,Tanvir Sarker,Male,27,25-34,Chattogram,No,Diploma,Corporate Strategy,CC-112,Business Research Assistant,Junior Staff,Permanent,Dhaka Corporate Office,2021-05-22,4.61,Mushfiqur Rahman,43500
MG-GZP-SAM-0372,Asif Rashid,Male,36,35-44,Mymensingh,No,Professional Certification,Sales & Marketing,CC-102,Digital Marketing Executive,Executive,Permanent,Gazipur Manufacturing Unit,2021-03-03,4.83,Tanvir Ahmed,99000
MG-GZP-PRD-0373,Jahid Rashid,Male,46,45+,Dhaka,No,SSC,Production,CC-101,Packing Assistant,Worker,Permanent,Gazipur Manufacturing Unit,2023-08-21,2.36,Md. Shahidul Islam,24000
MG-GZP-ENG-0374,Mizanur Talukder,Male,42,35-44,Barishal,No,HSC,Engineering & Maintenance,CC-107,Maintenance Helper,Worker,Permanent,Gazipur Manufacturing Unit,2023-01-01,3,Md. Moniruzzaman,23500
MG-GZP-PRD-0375,Asif Khatun,Male,44,35-44,Mymensingh,No,HSC,Production,CC-101,Production Operator,Worker,Contract,Gazipur Manufacturing Unit,2017-10-05,8.24,Abdul Karim,29500
MG-GZP-SCL-0377,Sabbir Uddin,Male,25,25-34,Dhaka,No,Bachelor,Supply Chain & Logistics,CC-103,Inventory Officer,Officer,Permanent,Gazipur Manufacturing Unit,2022-11-23,3.1,Rezaul Karim,61000
MG-DHK-FIN-0378,Hasan Akter,Male,27,25-34,Chattogram,No,Master,Finance & Accounts,CC-104,Accounts Officer,Officer,Intern,Dhaka Corporate Office,2016-02-26,9.85,Sadia Islam,62000
MG-GZP-SCL-0379,Sadia Kabir,Female,26,25-34,Khulna,No,HSC,Supply Chain & Logistics,CC-103,Loader,Worker,Permanent,Gazipur Manufacturing Unit,2020-02-17,5.87,Rezaul Karim,21000
MG-RAJ-FIN-0380,Sumaiya Alam,Female,25,25-34,Khulna,No,Master,Finance & Accounts,CC-104,Finance Officer,Officer,Permanent,Rajshahi Regional Office,2020-05-04,5.66,Sadia Islam,49000
MG-DHK-FIN-0381,Nusrat Sultana,Female,45,45+,Rajshahi,No,Bachelor,Finance & Accounts,CC-104,Finance Manager,Manager,Permanent,Dhaka Corporate Office,2023-07-03,2.5,Sadia Islam,121000
MG-NGJ-SCL-0382,Kamrul Sultana,Male,28,25-34,Rajshahi,No,SSC,Supply Chain & Logistics,CC-103,Warehouse Assistant,Worker,Permanent,Narayanganj Production Plant,2019-07-25,6.44,Rezaul Karim,27000
MG-GZP-PRD-0383,Jannatul Bhuiyan,Female,32,25-34,Mymensingh,No,Master,Production,CC-101,Shift Supervisor,Senior Officer,Permanent,Gazipur Manufacturing Unit,2018-03-27,7.76,Abdul Karim,73500
MG-NGJ-PRD-0385,Rakib Chowdhury,Male,25,25-34,Dhaka,No,HSC,Production,CC-101,Packing Assistant,Worker,Permanent,Narayanganj Production Plant,2019-07-08,6.48,Abdul Karim,26500
MG-RAJ-SAM-0386,Sharmeen Khan,Female,35,35-44,Mymensingh,No,Bachelor,Sales & Marketing,CC-102,Senior Brand Officer,Senior Officer,Permanent,Rajshahi Regional Office,2023-11-21,2.11,Farzana Rahman,63000
MG-NGJ-QAS-0387,Riyad Akter,Male,35,35-44,Dhaka,No,Bachelor,Quality Assurance,CC-106,Compliance Officer,Officer,Contract,Narayanganj Production Plant,2022-12-08,3.06,Dr. Samira Sultana,40000
MG-GZP-SAM-0388,Tareq Ahmed,Male,27,25-34,Barishal,No,Bachelor,Sales & Marketing,CC-102,Senior Territory Officer,Senior Officer,Contract,Gazipur Manufacturing Unit,2019-09-18,6.29,Tanvir Ahmed,66000
MG-RAJ-SAM-0389,Lubna Talukder,Female,38,35-44,Dhaka,No,Bachelor,Sales & Marketing,CC-102,Brand Manager,Manager,Permanent,Rajshahi Regional Office,2019-08-31,6.34,Farzana Rahman,109500
MG-GZP-PRD-0390,Mahmud Sarker,Male,41,35-44,Rajshahi,No,Bachelor,Production,CC-101,Production Executive,Executive,Permanent,Gazipur Manufacturing Unit,2022-07-19,3.45,Abdul Karim,80500
MG-DHK-HRA-0391,Jahid Ahmed,Male,41,35-44,Sylhet,No,Bachelor,HR & Administration,CC-105,Payroll Executive,Executive,Permanent,Dhaka Corporate Office,2017-09-08,8.31,Md. Imran Hossain,78500
MG-DHK-IT-0392,Kamrul Sultana,Male,48,45+,Dhaka,No,Master,Information Technology,CC-108,Senior Manager - IT,Senior Manager,Probation,Dhaka Corporate Office,2022-08-29,3.34,Tanjina Akter,213500
MG-GZP-LGL-0393,Sharmeen Sultana,Female,55,45+,Rajshahi,No,Master,Legal & Compliance,CC-111,Senior Manager - Legal,Senior Manager,Contract,Gazipur Manufacturing Unit,2021-01-11,4.97,Barrister Nafisa Karim,301000
MG-DHK-PRO-0395,Tasnim Haque,Female,28,25-34,Mymensingh,No,Bachelor,Procurement,CC-109,Senior Sourcing Officer,Senior Officer,Permanent,Dhaka Corporate Office,2020-12-25,5.02,Maliha Noor,70000
MG-GZP-QAS-0396,Maliha Hasan,Female,42,35-44,Sylhet,No,Bachelor,Quality Assurance,CC-106,Regulatory Executive,Executive,Permanent,Gazipur Manufacturing Unit,2017-05-16,8.63,Ashikur Rahman,108500
MG-DHK-SAM-0397,Ahsan Akter,Male,32,25-34,Dhaka,No,Bachelor,Sales & Marketing,CC-102,Digital Marketing Executive,Executive,Permanent,Dhaka Corporate Office,2020-07-28,5.43,Tanvir Ahmed,102000
MG-DHK-SAM-0398,Samira Jahan,Female,43,35-44,Chattogram,No,SSC,Sales & Marketing,CC-102,Sales Support Assistant,Worker,Permanent,Dhaka Corporate Office,2016-07-10,9.48,Farzana Rahman,26500
MG-DHK-CST-0399,Md. Karim Mia,Male,27,25-34,Sylhet,No,Bachelor,Corporate Strategy,CC-112,Strategy Officer,Officer,Contract,Dhaka Corporate Office,2022-08-23,3.36,Mushfiqur Rahman,47000
MG-GZP-PRD-0401,Mahmud Bhuiyan,Male,30,25-34,Rajshahi,No,HSC,Production,CC-101,Line Coordinator,Junior Staff,Permanent,Gazipur Manufacturing Unit,2020-10-19,5.2,Abdul Karim,36000
MG-GZP-LGL-0402,Rifat Akter,Female,27,25-34,Dhaka,No,Bachelor,Legal & Compliance,CC-111,Senior Legal Officer,Senior Officer,Permanent,Gazipur Manufacturing Unit,2020-06-28,5.51,Shamim Ahmed,84000
MG-CTG-SAM-0403,Ishrat Bhuiyan,Female,34,25-34,Dhaka,No,Bachelor,Sales & Marketing,CC-102,Marketing Assistant,Junior Staff,Contract,Chattogram Distribution Hub,2023-10-20,2.2,Tanvir Ahmed,31000
MG-DHK-CST-0404,Tareq Sarker,Male,30,25-34,Khulna,No,Bachelor,Corporate Strategy,CC-112,Senior Business Analyst,Senior Officer,Permanent,Dhaka Corporate Office,2020-06-26,5.51,Mushfiqur Rahman,75500
MG-CTG-QAS-0405,Shakil Islam,Male,34,25-34,Chattogram,No,HSC,Quality Assurance,CC-106,Quality Inspector,Worker,Probation,Chattogram Distribution Hub,2017-08-15,8.38,Ashikur Rahman,26500
MG-NGJ-PRD-0406,Mehedi Sarker,Male,41,35-44,Rangpur,No,Bachelor,Production,CC-101,Plant Operations Manager,Manager,Permanent,Narayanganj Production Plant,2018-10-16,7.21,Abdul Karim,169000
MG-NGJ-ENG-0408,Ashik Akter,Male,30,25-34,Chattogram,No,Trade Certificate,Engineering & Maintenance,CC-107,Mechanical Technician,Worker,Contract,Narayanganj Production Plant,2020-03-25,5.77,Md. Moniruzzaman,25000
MG-GZP-PRD-0409,Hasan Karim,Male,31,25-34,Chattogram,No,HSC,Production,CC-101,Production Operator,Worker,Contract,Gazipur Manufacturing Unit,2018-06-14,7.55,Md. Shahidul Islam,21000
MG-GZP-QAS-0410,Farzana Talukder,Female,51,45+,Rangpur,No,Master,Quality Assurance,CC-106,Quality Manager,Manager,Permanent,Gazipur Manufacturing Unit,2022-08-14,3.38,Ashikur Rahman,151000
MG-NGJ-PRD-0411,Zahid Jahan,Male,44,35-44,Rajshahi,No,Master,Production,CC-101,Production Manager,Manager,Permanent,Narayanganj Production Plant,2022-06-01,3.58,Abdul Karim,154500
MG-DHK-SAM-0412,Md. Rahim Uddin,Male,23,Under 25,Dhaka,No,Bachelor,Sales & Marketing,CC-102,Sales Representative,Junior Staff,Permanent,Dhaka Corporate Office,2022-08-21,3.36,Farzana Rahman,45000
MG-NGJ-PRD-0413,Arif Jahan,Male,43,35-44,Dhaka,No,Bachelor,Production,CC-101,Planning Executive,Executive,Permanent,Narayanganj Production Plant,2019-11-02,6.16,Md. Shahidul Islam,83500
MG-GZP-IT-0414,Hasan Ahmed,Male,41,35-44,Dhaka,No,Master,Information Technology,CC-108,Software Engineer,Executive,Contract,Gazipur Manufacturing Unit,2022-08-10,3.39,Sabbir Hossain,114000
MG-GZP-PRD-0415,Raisa Mahmud,Female,34,25-34,Rajshahi,No,Master,Production,CC-101,Senior Production Officer,Senior Officer,Permanent,Gazipur Manufacturing Unit,2020-10-08,5.23,Abdul Karim,67000
MG-CTG-SAM-0416,Rafiq Karim,Male,27,25-34,Rajshahi,No,Diploma,Sales & Marketing,CC-102,Sales Representative,Junior Staff,Permanent,Chattogram Distribution Hub,2017-03-09,8.81,Tanvir Ahmed,32000
MG-CTG-SCL-0417,Md. Rahim Jahan,Male,54,45+,Dhaka,No,Bachelor,Supply Chain & Logistics,CC-103,Senior Manager - Supply Chain,Senior Manager,Permanent,Chattogram Distribution Hub,2022-08-11,3.39,Rezaul Karim,249000
MG-DHK-IT-0418,Ahsan Khatun,Male,33,25-34,Sylhet,No,Bachelor,Information Technology,CC-108,IT Officer,Officer,Permanent,Dhaka Corporate Office,2019-07-28,6.43,Sabbir Hossain,58500
MG-GZP-SCL-0419,Fahim Akter,Male,46,45+,Rangpur,No,SSC,Supply Chain & Logistics,CC-103,Warehouse Assistant,Worker,Contract,Gazipur Manufacturing Unit,2017-01-05,8.99,Rezaul Karim,33000
MG-GZP-QAS-0420,Raisa Ahmed,Female,37,35-44,Rajshahi,No,Diploma,Quality Assurance,CC-106,Quality Officer,Officer,Permanent,Gazipur Manufacturing Unit,2020-02-23,5.85,Ashikur Rahman,46000
MG-GZP-HRA-0421,Samira Chowdhury,Female,43,35-44,Dhaka,No,Professional Certification,HR & Administration,CC-105,HR Executive,Executive,Permanent,Gazipur Manufacturing Unit,2025-04-04,0.74,Md. Imran Hossain,100500
MG-NGJ-PRD-0422,Tanvir Jahan,Male,36,35-44,Dhaka,No,Professional Certification,Production,CC-101,Production Manager,Manager,Permanent,Narayanganj Production Plant,2025-12-17,0.04,Md. Shahidul Islam,118000
MG-CTG-SCL-0423,Arif Chowdhury,Male,23,Under 25,Mymensingh,No,HSC,Supply Chain & Logistics,CC-103,Store Assistant,Junior Staff,Probation,Chattogram Distribution Hub,2025-12-17,0.04,Rezaul Karim,36500
MG-DHK-ENG-0425,Asif Noor,Male,39,35-44,Chattogram,No,Professional Certification,Engineering & Maintenance,CC-107,Engineering Manager,Manager,Permanent,Dhaka Corporate Office,2025-02-24,0.85,Md. Moniruzzaman,116500
MG-DHK-CUS-0426,Shuvo Sarker,Male,35,35-44,Rangpur,No,Bachelor,Customer Service,CC-110,Customer Experience Executive,Executive,Permanent,Dhaka Corporate Office,2025-03-23,0.77,Jannatul Ferdous,71500
MG-NGJ-PRD-0427,Shafiq Alam,Male,32,25-34,Khulna,No,Bachelor,Production,CC-101,Senior Production Officer,Senior Officer,Permanent,Narayanganj Production Plant,2025-05-24,0.61,Md. Shahidul Islam,72000
MG-NGJ-SCL-0428,Ashik Chowdhury,Male,38,35-44,Rangpur,No,Bachelor,Supply Chain & Logistics,CC-103,Logistics Officer,Officer,Permanent,Narayanganj Production Plant,2025-04-03,0.74,Mahmudul Hasan,41000
MG-DHK-ENG-0429,Tareq Haque,Male,28,25-34,Rajshahi,No,Trade Certificate,Engineering & Maintenance,CC-107,Mechanical Technician,Worker,Permanent,Dhaka Corporate Office,2025-01-18,0.95,Md. Moniruzzaman,22500
MG-RAJ-FIN-0430,Sultana Haque,Female,44,35-44,Rajshahi,No,Professional Certification,Finance & Accounts,CC-104,Tax & VAT Executive,Executive,Permanent,Rajshahi Regional Office,2025-02-12,0.88,Shafiqur Rahman,104000
MG-NGJ-SCL-0431,Farhan Hossain,Male,44,35-44,Dhaka,No,Master,Supply Chain & Logistics,CC-103,Supply Chain Executive,Executive,Permanent,Narayanganj Production Plant,2025-06-05,0.57,Rezaul Karim,104500
MG-NGJ-PRD-0432,Mizanur Islam,Male,23,Under 25,Dhaka,No,HSC,Production,CC-101,Line Coordinator,Junior Staff,Contract,Narayanganj Production Plant,2025-05-26,0.6,Abdul Karim,31500
MG-DHK-FIN-0433,Lubna Haque,Female,26,25-34,Rajshahi,No,Bachelor,Finance & Accounts,CC-104,Finance Officer,Officer,Permanent,Dhaka Corporate Office,2025-07-21,0.45,Sadia Islam,58500
MG-DHK-PRO-0434,Farhan Uddin,Male,36,35-44,Barishal,No,Bachelor,Procurement,CC-109,Vendor Management Executive,Executive,Permanent,Dhaka Corporate Office,2025-10-27,0.18,Ahsan Habib,82000
MG-NGJ-IT-0435,Md. Rahim Chowdhury,Male,39,35-44,Rangpur,No,Professional Certification,Information Technology,CC-108,Applications Manager,Manager,Permanent,Narayanganj Production Plant,2025-02-03,0.91,Sabbir Hossain,121000
MG-RAJ-HRA-0436,Nazmul Talukder,Male,33,25-34,Dhaka,No,Bachelor,HR & Administration,CC-105,HR Manager,Manager,Permanent,Rajshahi Regional Office,2025-03-06,0.82,Nusrat Jahan,143000
MG-DHK-SAM-0437,Sumaiya Ferdous,Female,30,25-34,Rangpur,No,Bachelor,Sales & Marketing,CC-102,Marketing Assistant,Junior Staff,Permanent,Dhaka Corporate Office,2025-11-04,0.16,Farzana Rahman,43000
MG-NGJ-QAS-0438,Tahmina Khan,Female,28,25-34,Khulna,No,Master,Quality Assurance,CC-106,QA Executive,Executive,Permanent,Narayanganj Production Plant,2025-05-17,0.62,Dr. Samira Sultana,92500
MG-GZP-PRD-0439,Zahid Bhuiyan,Male,35,35-44,Rangpur,No,Master,Production,CC-101,Production Executive,Executive,Permanent,Gazipur Manufacturing Unit,2025-04-14,0.71,Md. Shahidul Islam,99000
MG-GZP-PRD-0440,Shuvo Hasan,Male,36,35-44,Chattogram,No,Bachelor,Production,CC-101,Shift Supervisor,Senior Officer,Permanent,Gazipur Manufacturing Unit,2025-12-17,0.04,Md. Shahidul Islam,69500
MG-DHK-HRA-0441,Asif Hasan,Male,44,35-44,Khulna,No,Professional Certification,HR & Administration,CC-105,Payroll Executive,Executive,Permanent,Dhaka Corporate Office,2025-10-21,0.19,Md. Imran Hossain,75000
MG-DHK-FIN-0442,Sabbir Uddin,Male,45,45+,Mymensingh,No,Professional Certification,Finance & Accounts,CC-104,Senior Manager - Finance,Senior Manager,Permanent,Dhaka Corporate Office,2025-07-05,0.49,Shafiqur Rahman,224000
MG-GZP-ENG-0443,Tanvir Khan,Male,35,35-44,Dhaka,No,Professional Certification,Engineering & Maintenance,CC-107,Maintenance Executive,Executive,Permanent,Gazipur Manufacturing Unit,2025-07-28,0.43,Md. Moniruzzaman,95000
MG-GZP-SAM-0444,Monir Ferdous,Male,39,35-44,Khulna,No,Bachelor,Sales & Marketing,CC-102,Senior Territory Officer,Senior Officer,Permanent,Gazipur Manufacturing Unit,2025-02-19,0.86,Farzana Rahman,59500
MG-NGJ-FIN-0445,Imran Talukder,Male,37,35-44,Dhaka,No,Professional Certification,Finance & Accounts,CC-104,Finance Manager,Manager,Permanent,Narayanganj Production Plant,2025-04-05,0.74,Shafiqur Rahman,143500
MG-DHK-SAM-0446,Rakib Talukder,Male,37,35-44,Chattogram,No,Master,Sales & Marketing,CC-102,Senior Territory Officer,Senior Officer,Permanent,Dhaka Corporate Office,2025-04-26,0.68,Tanvir Ahmed,70500
MG-DHK-SCL-0447,Md. Karim Noor,Male,23,Under 25,Rajshahi,No,Diploma,Supply Chain & Logistics,CC-103,Dispatch Coordinator,Junior Staff,Permanent,Dhaka Corporate Office,2025-07-31,0.42,Mahmudul Hasan,37500
MG-NGJ-QAS-0448,Anika Mia,Female,34,25-34,Rangpur,No,Bachelor,Quality Assurance,CC-106,QA Assistant,Junior Staff,Permanent,Narayanganj Production Plant,2025-09-29,0.25,Ashikur Rahman,33000
MG-NGJ-ENG-0449,Jahid Ferdous,Male,34,25-34,Chattogram,No,Bachelor,Engineering & Maintenance,CC-107,Engineering Manager,Manager,Permanent,Narayanganj Production Plant,2025-07-16,0.46,Md. Moniruzzaman,141000
MG-GZP-SCL-0450,Rumana Kabir,Female,24,Under 25,Mymensingh,No,Bachelor,Supply Chain & Logistics,CC-103,Store Assistant,Junior Staff,Permanent,Gazipur Manufacturing Unit,2025-01-16,0.96,Mahmudul Hasan,42500
MG-NGJ-PRD-0451,Sabbir Rahman,Male,23,Under 25,Sylhet,Yes,Bachelor,Production,CC-101,Production Officer,Officer,Permanent,Narayanganj Production Plant,2025-05-14,0.63,Abdul Karim,47000
MG-DHK-FIN-0452,Sumaiya Khan,Female,39,35-44,Dhaka,No,Bachelor,Finance & Accounts,CC-104,Senior Finance Officer,Senior Officer,Permanent,Dhaka Corporate Office,2025-12-28,0.01,Sadia Islam,73500
MG-NGJ-PRD-0453,Md. Rahim Rashid,Male,26,25-34,Dhaka,No,Bachelor,Production,CC-101,Production Assistant,Junior Staff,Permanent,Narayanganj Production Plant,2025-01-01,1,Md. Shahidul Islam,43500
MG-DHK-SCL-0454,Fahim Ferdous,Male,39,35-44,Dhaka,No,SSC,Supply Chain & Logistics,CC-103,Loader,Worker,Contract,Dhaka Corporate Office,2025-11-28,0.09,Mahmudul Hasan,21000
MG-NGJ-ENG-0455,Hasan Uddin,Male,30,25-34,Rangpur,No,Diploma,Engineering & Maintenance,CC-107,Maintenance Coordinator,Junior Staff,Contract,Narayanganj Production Plant,2025-08-08,0.4,Md. Moniruzzaman,44000
MG-GZP-PRD-0456,Rafiq Haque,Male,33,25-34,Sylhet,No,Master,Production,CC-101,Shift Supervisor,Senior Officer,Permanent,Gazipur Manufacturing Unit,2025-05-12,0.64,Md. Shahidul Islam,60000
MG-GZP-ENG-0457,Tanvir Khan,Male,34,25-34,Rajshahi,No,Diploma,Engineering & Maintenance,CC-107,Maintenance Coordinator,Junior Staff,Contract,Gazipur Manufacturing Unit,2025-03-15,0.8,Rakibul Hasan,37500
MG-CTG-SAM-0458,Arif Alam,Male,35,35-44,Chattogram,No,Bachelor,Sales & Marketing,CC-102,Senior Territory Officer,Senior Officer,Probation,Chattogram Distribution Hub,2025-03-10,0.81,Farzana Rahman,69000
MG-DHK-SAM-0459,Ashik Rashid,Male,39,35-44,Rangpur,No,Trade Certificate,Sales & Marketing,CC-102,Sales Support Assistant,Worker,Permanent,Dhaka Corporate Office,2025-02-13,0.88,Farzana Rahman,31500
MG-GZP-PRD-0460,Rifat Haque,Female,38,35-44,Dhaka,No,SSC,Production,CC-101,Machine Operator,Worker,Contract,Gazipur Manufacturing Unit,2025-08-29,0.34,Abdul Karim,31500
MG-NGJ-PRD-0461,Ayesha Ahmed,Female,27,25-34,Mymensingh,No,Trade Certificate,Production,CC-101,Production Operator,Worker,Permanent,Narayanganj Production Plant,2025-03-17,0.79,Md. Shahidul Islam,21500
MG-GZP-PRD-0462,Tanvir Karim,Male,26,25-34,Rajshahi,No,HSC,Production,CC-101,Production Assistant,Junior Staff,Permanent,Gazipur Manufacturing Unit,2025-10-19,0.2,Abdul Karim,32000
MG-DHK-LGL-0463,Md. Rahim Mia,Male,31,25-34,Chattogram,No,Diploma,Legal & Compliance,CC-111,Legal Officer,Officer,Intern,Dhaka Corporate Office,2025-07-17,0.46,Barrister Nafisa Karim,42500
MG-DHK-FIN-0465,Rashed Sultana,Male,37,35-44,Chattogram,No,Master,Finance & Accounts,CC-104,Senior Manager - Finance,Senior Manager,Permanent,Dhaka Corporate Office,2025-01-22,0.94,Shafiqur Rahman,263500
MG-DHK-CUS-0466,Tahmina Noor,Female,31,25-34,Sylhet,No,Bachelor,Customer Service,CC-110,Complaint Resolution Officer,Officer,Permanent,Dhaka Corporate Office,2025-11-01,0.16,Rashedul Islam,45000
MG-CTG-SCL-0467,Nazmul Haque,Male,31,25-34,Rajshahi,No,Diploma,Supply Chain & Logistics,CC-103,Inventory Officer,Officer,Permanent,Chattogram Distribution Hub,2025-12-14,0.05,Rezaul Karim,43500
MG-NGJ-PRD-0468,Sharmeen Kabir,Female,41,35-44,Mymensingh,No,Professional Certification,Production,CC-101,Plant Operations Manager,Manager,Permanent,Narayanganj Production Plant,2025-08-18,0.37,Md. Shahidul Islam,118000
MG-RAJ-PRD-0469,Riyad Rahman,Male,41,35-44,Mymensingh,No,SSC,Production,CC-101,Machine Operator,Worker,Probation,Rajshahi Regional Office,2025-09-07,0.31,Md. Shahidul Islam,31000
MG-NGJ-PRD-0470,Tanvir Sultana,Male,32,25-34,Khulna,No,Bachelor,Production,CC-101,Shift Officer,Officer,Permanent,Narayanganj Production Plant,2025-08-22,0.36,Abdul Karim,51500
MG-DHK-CUS-0471,Ishrat Hossain,Female,47,45+,Khulna,No,SSC,Customer Service,CC-110,Customer Care Assistant,Worker,Permanent,Dhaka Corporate Office,2025-07-18,0.45,Jannatul Ferdous,27500
MG-CTG-SCL-0472,Tareq Sarker,Male,43,35-44,Dhaka,No,Master,Supply Chain & Logistics,CC-103,Senior Supply Chain Officer,Senior Officer,Permanent,Chattogram Distribution Hub,2025-12-14,0.05,Rezaul Karim,61500
MG-CTG-SAM-0473,Tareq Talukder,Male,36,35-44,Dhaka,No,Master,Sales & Marketing,CC-102,Brand Manager,Manager,Permanent,Chattogram Distribution Hub,2025-11-23,0.1,Farzana Rahman,171500
MG-GZP-SCL-0474,Kamrul Kabir,Male,45,45+,Khulna,No,SSC,Supply Chain & Logistics,CC-103,Warehouse Assistant,Worker,Permanent,Gazipur Manufacturing Unit,2025-05-12,0.64,Mahmudul Hasan,20000
MG-GZP-FIN-0475,Farhan Hasan,Male,28,25-34,Mymensingh,No,Bachelor,Finance & Accounts,CC-104,Accounts Officer,Officer,Permanent,Gazipur Manufacturing Unit,2025-06-28,0.51,Shafiqur Rahman,42500
MG-DHK-HRA-0476,Mim Bhuiyan,Female,24,Under 25,Dhaka,No,Bachelor,HR & Administration,CC-105,Admin Officer,Officer,Permanent,Dhaka Corporate Office,2025-09-29,0.25,Nusrat Jahan,41500
MG-DHK-CST-0477,Md. Karim Noor,Male,34,25-34,Khulna,No,Bachelor,Corporate Strategy,CC-112,Business Analyst,Officer,Permanent,Dhaka Corporate Office,2025-02-22,0.85,Mushfiqur Rahman,68000
MG-DHK-IT-0479,Sumaiya Haque,Not Disclosed,33,25-34,Rajshahi,No,HSC,Information Technology,CC-108,IT Support Technician,Junior Staff,Permanent,Dhaka Corporate Office,2025-01-20,0.94,Sabbir Hossain,43500
MG-GZP-CUS-0480,Faria Khan,Female,23,Under 25,Chattogram,No,Diploma,Customer Service,CC-110,Call Centre Agent,Junior Staff,Permanent,Gazipur Manufacturing Unit,2025-10-02,0.25,Jannatul Ferdous,34000
MG-RAJ-SAM-0481,Sabbir Ahmed,Male,46,45+,Khulna,No,Master,Sales & Marketing,CC-102,Sales Executive,Executive,Permanent,Rajshahi Regional Office,2025-08-30,0.34,Tanvir Ahmed,92000
MG-GZP-FIN-0482,Sanjida Rashid,Female,36,35-44,Khulna,No,Master,Finance & Accounts,CC-104,Tax & VAT Executive,Executive,Permanent,Gazipur Manufacturing Unit,2025-12-14,0.05,Sadia Islam,68000
MG-DHK-PRO-0483,Kamrul Ahmed,Male,28,25-34,Chattogram,No,Bachelor,Procurement,CC-109,Sourcing Officer,Officer,Intern,Dhaka Corporate Office,2025-08-06,0.4,Maliha Noor,46500
MG-NGJ-PRD-0484,Shafiq Sarker,Male,32,25-34,Sylhet,No,Master,Production,CC-101,Production Officer,Officer,Permanent,Narayanganj Production Plant,2025-05-03,0.66,Md. Shahidul Islam,36500
MG-GZP-FIN-0485,Rafiq Hossain,Male,27,25-34,Dhaka,No,Diploma,Finance & Accounts,CC-104,Accounts Assistant,Junior Staff,Permanent,Gazipur Manufacturing Unit,2025-09-19,0.28,Shafiqur Rahman,42500
MG-NGJ-PRD-0486,Rafiq Kabir,Male,25,25-34,Dhaka,No,Diploma,Production,CC-101,Production Assistant,Junior Staff,Permanent,Narayanganj Production Plant,2025-01-16,0.96,Md. Shahidul Islam,35500
MG-GZP-ENG-0487,Ashik Rashid,Male,37,35-44,Sylhet,No,Professional Certification,Engineering & Maintenance,CC-107,Project Engineer,Executive,Permanent,Gazipur Manufacturing Unit,2025-06-28,0.51,Rakibul Hasan,102000
MG-GZP-PRD-0488,Rafiq Hossain,Male,35,35-44,Khulna,No,Bachelor,Production,CC-101,Production Officer,Officer,Permanent,Gazipur Manufacturing Unit,2025-06-26,0.51,Md. Shahidul Islam,41500
MG-NGJ-PRD-0489,Ahsan Kabir,Male,31,25-34,Dhaka,No,Bachelor,Production,CC-101,Senior Production Officer,Senior Officer,Permanent,Narayanganj Production Plant,2025-04-29,0.67,Abdul Karim,80500
MG-DHK-PRD-0490,Shuvo Mahmud,Male,27,25-34,Chattogram,No,Bachelor,Production,CC-101,Line Coordinator,Junior Staff,Probation,Dhaka Corporate Office,2025-08-14,0.38,Md. Shahidul Islam,42000
MG-CTG-SAM-0491,Ahsan Alam,Male,43,35-44,Dhaka,No,Bachelor,Sales & Marketing,CC-102,Digital Marketing Executive,Executive,Permanent,Chattogram Distribution Hub,2025-07-14,0.47,Tanvir Ahmed,93000
MG-CTG-SAM-0492,Monir Mahmud,Male,34,25-34,Dhaka,No,Master,Sales & Marketing,CC-102,Territory Sales Officer,Officer,Permanent,Chattogram Distribution Hub,2025-08-09,0.39,Farzana Rahman,64000
MG-DHK-SAM-0493,Mim Sultana,Female,45,45+,Barishal,No,Master,Sales & Marketing,CC-102,Sales Executive,Executive,Permanent,Dhaka Corporate Office,2025-08-17,0.37,Tanvir Ahmed,108000
MG-NGJ-PRD-0494,Rakib Chowdhury,Male,33,25-34,Dhaka,No,Bachelor,Production,CC-101,Shift Officer,Officer,Permanent,Narayanganj Production Plant,2025-12-24,0.02,Md. Shahidul Islam,40000
MG-GZP-SCL-0495,Nusrat Haque,Female,28,25-34,Dhaka,No,HSC,Supply Chain & Logistics,CC-103,Loader,Worker,Contract,Gazipur Manufacturing Unit,2025-01-28,0.92,Mahmudul Hasan,24000
MG-GZP-PRD-0496,Nazmul Khatun,Male,47,45+,Dhaka,No,Trade Certificate,Production,CC-101,Production Operator,Worker,Permanent,Gazipur Manufacturing Unit,2025-07-28,0.43,Abdul Karim,22000
MG-GZP-PRD-0499,Md. Rahim Kabir,Male,25,25-34,Dhaka,No,HSC,Production,CC-101,Machine Operator,Worker,Permanent,Gazipur Manufacturing Unit,2025-05-25,0.6,Md. Shahidul Islam,25500
MG-DHK-SAM-0500,Sabbir Ahmed,Male,26,25-34,Dhaka,No,Master,Sales & Marketing,CC-102,Brand Officer,Officer,Permanent,Dhaka Corporate Office,2025-07-24,0.44,Tanvir Ahmed,46500
MG-GZP-PRD-0501,Shakil Sarker,Male,27,25-34,Mymensingh,No,Bachelor,Production,CC-101,Senior Production Officer,Senior Officer,Contract,Gazipur Manufacturing Unit,2025-09-22,0.27,Md. Shahidul Islam,55000
MG-NGJ-PRD-0502,Nazmul Sultana,Male,23,Under 25,Rangpur,No,Trade Certificate,Production,CC-101,Machine Operator,Worker,Permanent,Narayanganj Production Plant,2025-08-08,0.4,Md. Shahidul Islam,22500
MG-DHK-PRD-0503,Mehedi Kabir,Male,27,25-34,Rajshahi,No,Bachelor,Production,CC-101,Senior Production Officer,Senior Officer,Permanent,Dhaka Corporate Office,2025-12-23,0.02,Abdul Karim,79000
MG-DHK-SAM-0504,Tareq Sultana,Male,25,25-34,Dhaka,No,HSC,Sales & Marketing,CC-102,Marketing Assistant,Junior Staff,Permanent,Dhaka Corporate Office,2025-05-03,0.66,Farzana Rahman,31000
MG-GZP-CUS-0506,Tanvir Karim,Male,34,25-34,Dhaka,No,Bachelor,Customer Service,CC-110,Customer Service Representative,Junior Staff,Permanent,Gazipur Manufacturing Unit,2025-10-10,0.22,Rashedul Islam,41500
MG-DHK-SAM-0507,Ashik Khan,Male,38,35-44,Rangpur,No,Bachelor,Sales & Marketing,CC-102,Brand Officer,Officer,Permanent,Dhaka Corporate Office,2025-12-31,0,Tanvir Ahmed,39000
MG-NGJ-SCL-0508,Rafiq Jahan,Male,33,25-34,Rajshahi,No,Diploma,Supply Chain & Logistics,CC-103,Dispatch Coordinator,Junior Staff,Permanent,Narayanganj Production Plant,2025-08-03,0.41,Mahmudul Hasan,32500
MG-GZP-PRD-0509,Nusrat Sarker,Female,42,35-44,Rangpur,No,Bachelor,Production,CC-101,Shift Supervisor,Senior Officer,Contract,Gazipur Manufacturing Unit,2025-02-27,0.84,Abdul Karim,79000
MG-NGJ-ENG-0510,Saiful Bhuiyan,Male,24,Under 25,Chattogram,No,HSC,Engineering & Maintenance,CC-107,Mechanical Technician,Worker,Permanent,Narayanganj Production Plant,2025-08-28,0.34,Rakibul Hasan,31500
MG-CTG-SAM-0511,Md. Karim Hossain,Male,24,Under 25,Rangpur,No,Bachelor,Sales & Marketing,CC-102,Marketing Assistant,Junior Staff,Permanent,Chattogram Distribution Hub,2025-12-26,0.01,Farzana Rahman,35000
MG-DHK-LGL-0512,Fahim Mia,Male,54,45+,Rajshahi,No,Bachelor,Legal & Compliance,CC-111,Senior Manager - Legal,Senior Manager,Permanent,Dhaka Corporate Office,2025-01-09,0.97,Barrister Nafisa Karim,291500
MG-NGJ-PRD-0513,Tanvir Khatun,Male,39,35-44,Dhaka,No,SSC,Production,CC-101,Production Operator,Worker,Permanent,Narayanganj Production Plant,2025-04-02,0.75,Abdul Karim,20500
MG-DHK-SAM-0514,Md. Rahim Hasan,Male,36,35-44,Dhaka,No,Master,Sales & Marketing,CC-102,Sales Executive,Executive,Permanent,Dhaka Corporate Office,2025-01-21,0.94,Tanvir Ahmed,83000
MG-GZP-PRD-0515,Zahid Akter,Male,41,35-44,Chattogram,No,Bachelor,Production,CC-101,Plant Operations Manager,Manager,Permanent,Gazipur Manufacturing Unit,2025-10-16,0.21,Abdul Karim,144500
MG-NGJ-SCL-0516,Riyad Sultana,Male,42,35-44,Khulna,No,Bachelor,Supply Chain & Logistics,CC-103,Planning Executive,Executive,Permanent,Narayanganj Production Plant,2025-07-24,0.44,Rezaul Karim,77500
