Employee ID,Employee Name,Gender,Department,Location,Job Title,Job Level,Employment Type,Basic Salary,House Rent,Medical Allowance,Conveyance,Other Allowance,Monthly Gross,Annual Bonus,Monthly Employer PF,Annual Gratuity Provision,Annual Insurance Value,Annual Total Reward,Compa-Ratio
MG-DHK-HRA-0001,Priyanka Kabir,Female,HR & Administration,Dhaka Corporate Office,Senior Manager - HR,Senior Manager,Permanent,133900,65700,19500,4000,20400,243500,243500,13400,0,15000,3341300,1.13255814
MG-DHK-SCL-0003,Riyad Akter,Male,Supply Chain & Logistics,Dhaka Corporate Office,Store Assistant,Junior Staff,Permanent,22600,11100,3300,1500,2500,41000,41000,2300,0,15000,575600,1.12328767
MG-GZP-PRD-0006,Jahid Chowdhury,Male,Production,Gazipur Manufacturing Unit,Line Coordinator,Junior Staff,Permanent,23700,11600,3400,1500,2800,43000,43000,2400,23700,15000,626500,1.17808219
MG-DHK-SAM-0007,Tareq Akter,Male,Sales & Marketing,Dhaka Corporate Office,Sales Representative,Junior Staff,Permanent,25600,12600,3700,1500,3100,46500,46500,2600,25600,15000,676300,1.2739726
MG-DHK-SAM-0009,Rashed Ahmed,Male,Sales & Marketing,Dhaka Corporate Office,Sales Support Assistant,Worker,Permanent,17000,8400,2500,1500,1600,31000,46500,1700,0,15000,453900,1.16981132
MG-DHK-FIN-0010,Nabila Khatun,Female,Finance & Accounts,Dhaka Corporate Office,Accounts Officer,Officer,Permanent,27200,13400,4000,2500,2400,49500,49500,2700,0,15000,690900,0.96116505
MG-GZP-PRD-0011,Mehedi Jahan,Male,Production,Gazipur Manufacturing Unit,Planning Executive,Executive,Permanent,51200,25100,7400,4000,5300,93000,93000,5100,51200,15000,1336400,1.03333333
MG-GZP-SAM-0012,Sadia Sultana,Female,Sales & Marketing,Gazipur Manufacturing Unit,Digital Marketing Executive,Executive,Permanent,53600,26300,7800,4000,5800,97500,97500,5400,53600,15000,1400900,1.08333333
MG-RAJ-QAS-0013,Faria Chowdhury,Female,Quality Assurance,Rajshahi Regional Office,Senior QC Officer,Senior Officer,Permanent,34600,17000,5000,2500,3900,63000,63000,3500,0,15000,876000,0.9
MG-GZP-SCL-0014,Mahmud Hasan,Male,Supply Chain & Logistics,Gazipur Manufacturing Unit,Supply Chain Executive,Executive,Permanent,45100,22100,6600,4000,4200,82000,123000,4500,45100,15000,1221100,0.91111111
MG-CTG-SAM-0015,Rashed Ahmed,Male,Sales & Marketing,Chattogram Distribution Hub,Digital Marketing Executive,Executive,Permanent,42900,21100,6200,4000,3800,78000,117000,4300,42900,15000,1162500,0.86666667
MG-DHK-CST-0016,Nazmul Talukder,Male,Corporate Strategy,Dhaka Corporate Office,Strategy Officer,Officer,Permanent,41500,20400,6000,2500,5100,75500,75500,4200,41500,15000,1088400,1.46601942
MG-RAJ-SAM-0017,Ashik Mahmud,Male,Sales & Marketing,Rajshahi Regional Office,Brand Officer,Officer,Permanent,27500,13500,4000,2500,2500,50000,50000,2800,27500,15000,726100,0.97087379
MG-RAJ-HRA-0018,Rifat Uddin,Female,HR & Administration,Rajshahi Regional Office,Administration Manager,Manager,Probation,72000,35400,10500,4000,9100,131000,196500,0,0,0,1768500,0.93571429
MG-DHK-HRA-0019,Sultana Khatun,Female,HR & Administration,Dhaka Corporate Office,HR Assistant,Junior Staff,Contract,22800,11200,3300,1500,2700,41500,41500,0,0,0,539500,1.1369863
MG-DHK-FIN-0020,Fahim Khan,Male,Finance & Accounts,Dhaka Corporate Office,Accounts Assistant,Junior Staff,Contract,20400,10000,3000,1500,2100,37000,55500,0,0,0,499500,1.01369863
MG-DHK-FIN-0021,Md. Rahim Uddin,Male,Finance & Accounts,Dhaka Corporate Office,Finance Officer,Officer,Permanent,23400,11500,3400,2500,1700,42500,85000,2300,23400,15000,661000,0.82524272
MG-CTG-PRD-0023,Jahid Karim,Male,Production,Chattogram Distribution Hub,Production Assistant,Junior Staff,Permanent,17000,8400,2500,1500,1600,31000,62000,1700,17000,15000,486400,0.84931507
MG-NGJ-PRD-0024,Sabbir Kabir,Male,Production,Narayanganj Production Plant,Packing Assistant,Worker,Permanent,13800,6800,2000,1500,900,25000,25000,1400,13800,15000,370600,0.94339623
MG-GZP-SCL-0026,Asif Alam,Male,Supply Chain & Logistics,Gazipur Manufacturing Unit,Warehouse Supervisor,Senior Officer,Permanent,38800,19000,5600,2500,4600,70500,70500,3900,0,15000,978300,1.00714286
MG-GZP-SAM-0027,Mehedi Noor,Male,Sales & Marketing,Gazipur Manufacturing Unit,Regional Sales Manager,Senior Manager,Permanent,117700,57800,17100,4000,17400,214000,321000,11800,117700,15000,3163300,0.99534884
MG-CTG-SCL-0028,Md. Rahim Chowdhury,Male,Supply Chain & Logistics,Chattogram Distribution Hub,Warehouse Assistant,Worker,Permanent,17900,8800,2600,1500,1700,32500,48800,1800,0,15000,475400,1.22641509
MG-NGJ-QAS-0029,Priyanka Mahmud,Female,Quality Assurance,Narayanganj Production Plant,Senior Manager - Quality,Senior Manager,Permanent,136100,66800,19800,4000,20800,247500,247500,13600,0,15000,3395700,1.15116279
MG-GZP-CST-0030,Maliha Hasan,Not Disclosed,Corporate Strategy,Gazipur Manufacturing Unit,Business Analyst,Officer,Permanent,37400,18400,5400,2500,4300,68000,102000,3700,0,15000,977400,1.32038835
MG-NGJ-SAM-0031,Saiful Karim,Male,Sales & Marketing,Narayanganj Production Plant,Territory Sales Officer,Officer,Permanent,24200,11900,3500,2500,1900,44000,66000,2400,24200,15000,662000,0.85436893
MG-DHK-FIN-0032,Ishrat Mahmud,Female,Finance & Accounts,Dhaka Corporate Office,Cash Assistant,Junior Staff,Permanent,20900,10300,3000,1500,2300,38000,38000,2100,0,15000,534200,1.04109589
MG-GZP-PRD-0033,Sabbir Bhuiyan,Male,Production,Gazipur Manufacturing Unit,Production Executive,Executive,Permanent,46500,22800,6800,4000,4400,84500,126800,4600,46500,15000,1257500,0.93888889
MG-DHK-HRA-0034,Nafisa Alam,Female,HR & Administration,Dhaka Corporate Office,Admin Assistant,Junior Staff,Probation,22000,10800,3200,1500,2500,40000,60000,0,0,0,540000,1.09589041
MG-GZP-ENG-0035,Arif Rahman,Male,Engineering & Maintenance,Gazipur Manufacturing Unit,Maintenance Coordinator,Junior Staff,Permanent,17000,8400,2500,1500,1600,31000,31000,1700,17000,15000,455400,0.84931507
MG-DHK-SAM-0036,Shakil Haque,Male,Sales & Marketing,Dhaka Corporate Office,Brand Officer,Officer,Permanent,35800,17600,5200,2500,3900,65000,97500,3600,0,15000,935700,1.26213592
MG-NGJ-ENG-0037,Arif Bhuiyan,Male,Engineering & Maintenance,Narayanganj Production Plant,Mechanical Technician,Worker,Permanent,13800,6800,2000,1500,900,25000,25000,1400,13800,15000,370600,0.94339623
MG-GZP-CST-0038,Sharmeen Ferdous,Female,Corporate Strategy,Gazipur Manufacturing Unit,Strategy Executive,Executive,Permanent,50100,24600,7300,4000,5000,91000,91000,5000,0,15000,1258000,1.01111111
MG-NGJ-PRD-0039,Mst. Roksana Talukder,Female,Production,Narayanganj Production Plant,Production Operator,Worker,Permanent,16500,8100,2400,1500,1500,30000,30000,1600,16500,15000,440700,1.13207547
MG-GZP-HRA-0040,Shakil Ferdous,Male,HR & Administration,Gazipur Manufacturing Unit,Admin Assistant,Junior Staff,Permanent,18700,9200,2700,1500,1900,34000,68000,1900,18700,15000,532500,0.93150685
MG-DHK-PRO-0041,Rakib Khatun,Male,Procurement,Dhaka Corporate Office,Purchase Assistant,Junior Staff,Permanent,23700,11600,3400,1500,2800,43000,43000,2400,23700,15000,626500,1.17808219
MG-CTG-QAS-0042,Hasan Kabir,Male,Quality Assurance,Chattogram Distribution Hub,QA Executive,Executive,Permanent,58000,28500,8400,4000,6600,105500,158200,5800,0,15000,1508800,1.17222222
MG-NGJ-PRD-0043,Ayesha Kabir,Female,Production,Narayanganj Production Plant,Packing Assistant,Worker,Contract,16200,8000,2400,1500,1400,29500,29500,0,0,0,383500,1.11320755
MG-DHK-SAM-0044,Afroza Akter,Female,Sales & Marketing,Dhaka Corporate Office,Regional Sales Manager,Senior Manager,Permanent,146000,71700,21200,4000,22600,265500,265500,14600,146000,15000,3787700,1.23488372
MG-DHK-SAM-0045,Riyad Jahan,Male,Sales & Marketing,Dhaka Corporate Office,Sales Representative,Junior Staff,Permanent,18700,9200,2700,1500,1900,34000,34000,1900,0,15000,479800,0.93150685
MG-DHK-PRD-0047,Asif Hossain,Male,Production,Dhaka Corporate Office,Shift Officer,Officer,Permanent,22300,10900,3200,2500,1600,40500,40500,2200,22300,15000,590200,0.78640777
MG-NGJ-PRD-0048,Monir Noor,Male,Production,Narayanganj Production Plant,Shift Supervisor,Senior Officer,Contract,43700,21500,6400,2500,5400,79500,119200,0,0,0,1073200,1.13571429
MG-RAJ-QAS-0049,Shakil Chowdhury,Male,Quality Assurance,Rajshahi Regional Office,Compliance Manager,Manager,Permanent,72300,35500,10500,4000,9200,131500,197200,7200,72300,15000,1948900,0.93928571
MG-DHK-HRA-0050,Jahid Karim,Male,HR & Administration,Dhaka Corporate Office,Senior Admin Officer,Senior Officer,Permanent,40400,19800,5900,2500,4900,73500,147000,4000,0,15000,1092000,1.05
MG-DHK-SAM-0051,Zahid Rashid,Male,Sales & Marketing,Dhaka Corporate Office,Marketing Assistant,Junior Staff,Permanent,20400,10000,3000,1500,2100,37000,37000,2000,0,15000,520000,1.01369863
MG-DHK-CUS-0053,Tasnim Sarker,Female,Customer Service,Dhaka Corporate Office,Customer Experience Executive,Executive,Permanent,48400,23800,7000,4000,4800,88000,88000,4800,0,15000,1216600,0.97777778
MG-DHK-CST-0054,Jahid Uddin,Male,Corporate Strategy,Dhaka Corporate Office,Senior Strategy Officer,Senior Officer,Permanent,43400,21300,6300,2500,5500,79000,118500,4300,43400,15000,1176500,1.12857143
MG-GZP-PRD-0055,Nazmul Mahmud,Male,Production,Gazipur Manufacturing Unit,Senior Manager - Production,Senior Manager,Permanent,101500,49800,14800,4000,14400,184500,276800,10200,101500,15000,2729700,0.85813953
MG-DHK-CST-0056,Rakib Haque,Male,Corporate Strategy,Dhaka Corporate Office,Business Analyst,Officer,Permanent,36600,18000,5300,2500,4100,66500,66500,3700,0,15000,923900,1.29126214
MG-NGJ-SAM-0057,Sabbir Rahman,Male,Sales & Marketing,Narayanganj Production Plant,Head of Sales & Marketing,Head,Permanent,150400,73800,21900,4000,23400,273500,273500,15000,150400,15000,3900900,0.81641791
MG-NGJ-SCL-0058,Sultana Khan,Female,Supply Chain & Logistics,Narayanganj Production Plant,Dispatch Coordinator,Junior Staff,Permanent,18400,9000,2700,1500,1900,33500,50200,1800,0,15000,488800,0.91780822
MG-DHK-CST-0059,Sharmeen Rashid,Female,Corporate Strategy,Dhaka Corporate Office,Strategy Manager,Manager,Permanent,68800,33800,10000,4000,8400,125000,125000,6900,0,15000,1722800,0.89285714
MG-NGJ-QAS-0060,Monir Bhuiyan,Male,Quality Assurance,Narayanganj Production Plant,Quality Officer,Officer,Permanent,32500,15900,4700,2500,3400,59000,59000,3200,0,15000,820400,1.14563107
MG-CTG-FIN-0062,Imran Alam,Male,Finance & Accounts,Chattogram Distribution Hub,Accounts Support Assistant,Worker,Permanent,12100,5900,1800,1500,700,22000,22000,1200,0,15000,315400,0.83018868
MG-GZP-SCL-0063,Md. Karim Noor,Male,Supply Chain & Logistics,Gazipur Manufacturing Unit,Planning Executive,Executive,Permanent,57500,28200,8400,4000,6400,104500,209000,5800,0,15000,1547600,1.16111111
MG-NGJ-PRD-0065,Sabbir Kabir,Male,Production,Narayanganj Production Plant,Production Assistant,Junior Staff,Intern,21400,10500,3100,1500,2500,39000,58500,0,0,0,526500,1.06849315
MG-CTG-CUS-0066,Nusrat Alam,Female,Customer Service,Chattogram Distribution Hub,Service Quality Executive,Executive,Permanent,40700,20000,5900,4000,3400,74000,111000,4100,40700,15000,1103900,0.82222222
MG-DHK-IT-0067,Kamrul Mia,Male,Information Technology,Dhaka Corporate Office,Senior IT Officer,Senior Officer,Permanent,46800,23000,6800,2500,5900,85000,127500,4700,0,15000,1218900,1.21428571
MG-DHK-SAM-0068,Riyad Chowdhury,Male,Sales & Marketing,Dhaka Corporate Office,Senior Brand Officer,Senior Officer,Permanent,46800,23000,6800,2500,5900,85000,127500,4700,0,15000,1218900,1.21428571
MG-CTG-SAM-0069,Shafiq Akter,Male,Sales & Marketing,Chattogram Distribution Hub,Sales Support Assistant,Worker,Permanent,11600,5700,1700,1500,500,21000,31500,1200,0,15000,312900,0.79245283
MG-GZP-PRD-0070,Nusrat Mahmud,Female,Production,Gazipur Manufacturing Unit,Packing Assistant,Worker,Permanent,17300,8500,2500,1500,1700,31500,31500,1700,0,15000,444900,1.18867925
MG-GZP-ENG-0071,Sanjida Bhuiyan,Female,Engineering & Maintenance,Gazipur Manufacturing Unit,Electrician,Worker,Permanent,17600,8600,2600,1500,1700,32000,32000,1800,0,15000,452600,1.20754717
MG-GZP-PRD-0072,Samira Noor,Female,Production,Gazipur Manufacturing Unit,Senior Production Officer,Senior Officer,Permanent,33000,16200,4800,2500,3500,60000,90000,3300,0,15000,864600,0.85714286
MG-CTG-SCL-0073,Hasan Hossain,Male,Supply Chain & Logistics,Chattogram Distribution Hub,Logistics Officer,Officer,Permanent,24800,12200,3600,2500,1900,45000,45000,2500,24800,15000,654800,0.87378641
MG-GZP-PRD-0074,Sharmin Chowdhury,Female,Production,Gazipur Manufacturing Unit,Shift Officer,Officer,Contract,21700,10700,3200,2500,1400,39500,39500,0,0,0,513500,0.76699029
MG-DHK-SAM-0075,Mizanur Rahman,Male,Sales & Marketing,Dhaka Corporate Office,Sales Executive,Executive,Permanent,41500,20400,6000,4000,3600,75500,75500,4200,0,15000,1046900,0.83888889
MG-DHK-CST-0076,Ishrat Akter,Female,Corporate Strategy,Dhaka Corporate Office,Senior Business Analyst,Senior Officer,Probation,46200,22700,6700,2500,5900,84000,126000,0,0,0,1134000,1.2
MG-CTG-QAS-0077,Jahid Uddin,Male,Quality Assurance,Chattogram Distribution Hub,QC Technician,Junior Staff,Permanent,18700,9200,2700,1500,1900,34000,51000,1900,0,15000,496800,0.93150685
MG-GZP-PRD-0078,Mahmud Hasan,Male,Production,Gazipur Manufacturing Unit,Senior Production Officer,Senior Officer,Permanent,38500,18900,5600,2500,4500,70000,70000,3800,38500,15000,1009100,1
MG-DHK-FIN-0079,Nusrat Karim,Female,Finance & Accounts,Dhaka Corporate Office,Accounts Manager,Manager,Permanent,90500,44400,13200,4000,12400,164500,246800,9000,90500,15000,2434300,1.175
MG-CTG-SAM-0080,Zahid Akter,Male,Sales & Marketing,Chattogram Distribution Hub,Marketing Assistant,Junior Staff,Permanent,21200,10400,3100,1500,2300,38500,38500,2100,21200,15000,561900,1.05479452
MG-CTG-ENG-0081,Nadia Jahan,Female,Engineering & Maintenance,Chattogram Distribution Hub,Senior Manager - Engineering,Senior Manager,Permanent,98200,48200,14300,4000,13800,178500,178500,9800,98200,15000,2551300,0.83023256
MG-GZP-PRD-0082,Ashik Jahan,Male,Production,Gazipur Manufacturing Unit,Production Operator,Worker,Permanent,17900,8800,2600,1500,1700,32500,65000,1800,17900,15000,509500,1.22641509
MG-NGJ-PRD-0083,Farhan Rahman,Male,Production,Narayanganj Production Plant,Planning Executive,Executive,Permanent,44000,21600,6400,4000,4000,80000,120000,4400,0,15000,1147800,0.88888889
MG-DHK-SAM-0084,Nazmul Khan,Male,Sales & Marketing,Dhaka Corporate Office,Sales Executive,Executive,Permanent,46800,23000,6800,4000,4400,85000,170000,4700,0,15000,1261400,0.94444444
MG-GZP-PRO-0085,Mahmud Hossain,Male,Procurement,Gazipur Manufacturing Unit,Procurement Officer,Officer,Contract,34400,16900,5000,2500,3700,62500,62500,0,0,0,812500,1.21359223
MG-DHK-PRD-0086,Priyanka Khan,Female,Production,Dhaka Corporate Office,Senior Manager - Production,Senior Manager,Permanent,95700,47000,13900,4000,13400,174000,261000,9600,95700,15000,2574900,0.80930233
MG-GZP-SCL-0087,Tanvir Rahman,Male,Supply Chain & Logistics,Gazipur Manufacturing Unit,Logistics Officer,Officer,Permanent,25000,12300,3600,2500,2100,45500,45500,2500,0,15000,636500,0.88349515
MG-GZP-PRO-0088,Tareq Bhuiyan,Male,Procurement,Gazipur Manufacturing Unit,Sourcing Officer,Officer,Permanent,30300,14900,4400,2500,2900,55000,110000,3000,0,15000,821000,1.06796117
MG-NGJ-HRA-0089,Hasan Ferdous,Male,HR & Administration,Narayanganj Production Plant,HR Assistant,Junior Staff,Contract,23100,11300,3400,1500,2700,42000,42000,0,0,0,546000,1.15068493
MG-GZP-SCL-0090,Kamrul Mahmud,Male,Supply Chain & Logistics,Gazipur Manufacturing Unit,Senior Manager - Supply Chain,Senior Manager,Permanent,133400,65500,19400,4000,20200,242500,363800,13300,0,15000,3448400,1.12790698
MG-GZP-QAS-0091,Anika Alam,Female,Quality Assurance,Gazipur Manufacturing Unit,QC Technician,Junior Staff,Permanent,23400,11500,3400,1500,2700,42500,63800,2300,0,15000,616400,1.16438356
MG-DHK-CST-0092,Farzana Akter,Female,Corporate Strategy,Dhaka Corporate Office,Senior Business Analyst,Senior Officer,Permanent,36300,17800,5300,2500,4100,66000,99000,3600,0,15000,949200,0.94285714
MG-DHK-CUS-0093,Tanvir Rashid,Male,Customer Service,Dhaka Corporate Office,Senior Customer Service Officer,Senior Officer,Contract,39900,19600,5800,2500,4700,72500,108800,0,0,0,978800,1.03571429
MG-DHK-SAM-0094,Farhan Hasan,Male,Sales & Marketing,Dhaka Corporate Office,Sales Support Assistant,Worker,Permanent,16200,8000,2400,1500,1400,29500,29500,1600,16200,15000,433900,1.11320755
MG-CTG-SAM-0095,Tareq Karim,Male,Sales & Marketing,Chattogram Distribution Hub,Senior Territory Officer,Senior Officer,Permanent,36600,18000,5300,2500,4100,66500,66500,3700,0,15000,923900,0.95
MG-GZP-PRD-0096,Rashed Mia,Male,Production,Gazipur Manufacturing Unit,Production Operator,Worker,Permanent,13800,6800,2000,1500,900,25000,37500,1400,0,15000,369300,0.94339623
MG-GZP-ENG-0097,Shuvo Mahmud,Male,Engineering & Maintenance,Gazipur Manufacturing Unit,Utilities Officer,Officer,Permanent,30300,14900,4400,2500,2900,55000,55000,3000,0,15000,766000,1.06796117
MG-CTG-SCL-0098,Shakil Rashid,Male,Supply Chain & Logistics,Chattogram Distribution Hub,Warehouse Supervisor,Senior Officer,Probation,30800,15100,4500,2500,3100,56000,56000,0,0,0,728000,0.8
MG-CTG-SAM-0100,Moumita Sultana,Female,Sales & Marketing,Chattogram Distribution Hub,Sales Representative,Junior Staff,Permanent,18700,9200,2700,1500,1900,34000,51000,1900,18700,15000,515500,0.93150685
MG-DHK-HRA-0101,Nabila Islam,Female,HR & Administration,Dhaka Corporate Office,Senior Admin Officer,Senior Officer,Permanent,32500,15900,4700,2500,3400,59000,59000,3200,32500,15000,852900,0.84285714
MG-DHK-FIN-0102,Rumana Rashid,Female,Finance & Accounts,Dhaka Corporate Office,Accounts Officer,Officer,Probation,34400,16900,5000,2500,3700,62500,125000,0,0,0,875000,1.21359223
MG-GZP-CST-0103,Mizanur Alam,Male,Corporate Strategy,Gazipur Manufacturing Unit,Senior Strategy Officer,Senior Officer,Permanent,39000,19200,5700,2500,4600,71000,71000,3900,0,15000,984800,1.01428571
MG-NGJ-IT-0104,Tareq Hasan,Male,Information Technology,Narayanganj Production Plant,Junior Developer,Junior Staff,Permanent,20400,10000,3000,1500,2100,37000,37000,2000,0,15000,520000,1.01369863
MG-GZP-SAM-0105,Faria Hasan,Female,Sales & Marketing,Gazipur Manufacturing Unit,Brand Manager,Manager,Permanent,86900,42700,12600,4000,11800,158000,158000,8700,0,15000,2173400,1.12857143
MG-GZP-PRD-0106,Mahmud Ahmed,Male,Production,Gazipur Manufacturing Unit,Production Officer,Officer,Permanent,34400,16900,5000,2500,3700,62500,93800,3400,34400,15000,934000,1.21359223
MG-NGJ-PRD-0107,Tanvir Islam,Male,Production,Narayanganj Production Plant,Production Operator,Worker,Permanent,12700,6200,1800,1500,800,23000,34500,1300,0,15000,341100,0.86792453
MG-GZP-SAM-0109,Monir Khan,Male,Sales & Marketing,Gazipur Manufacturing Unit,Sales Representative,Junior Staff,Contract,24200,11900,3500,1500,2900,44000,44000,0,0,0,572000,1.20547945
MG-GZP-QAS-0110,Fahim Kabir,Male,Quality Assurance,Gazipur Manufacturing Unit,QA Assistant,Junior Staff,Permanent,23100,11300,3400,1500,2700,42000,42000,2300,23100,15000,611700,1.15068493
MG-DHK-HRA-0111,Sharmin Alam,Female,HR & Administration,Dhaka Corporate Office,HR Manager,Manager,Permanent,93200,45800,13600,4000,12900,169500,254200,9300,93200,15000,2508000,1.21071429
MG-GZP-PRD-0112,Ashik Sarker,Male,Production,Gazipur Manufacturing Unit,Production Assistant,Junior Staff,Permanent,23900,11700,3500,1500,2900,43500,43500,2400,0,15000,609300,1.19178082
MG-DHK-CST-0113,Sharmin Mia,Female,Corporate Strategy,Dhaka Corporate Office,Strategy Executive,Executive,Permanent,63300,31100,9200,4000,7400,115000,115000,6300,63300,15000,1648900,1.27777778
MG-GZP-FIN-0114,Hasan Mahmud,Male,Finance & Accounts,Gazipur Manufacturing Unit,Accounts Manager,Manager,Permanent,66000,32400,9600,4000,8000,120000,180000,6600,0,15000,1714200,0.85714286
MG-NGJ-PRD-0115,Fahim Karim,Male,Production,Narayanganj Production Plant,Production Officer,Officer,Probation,35200,17300,5100,2500,3900,64000,64000,0,0,0,832000,1.24271845
MG-NGJ-PRD-0116,Rashed Sultana,Male,Production,Narayanganj Production Plant,Production Assistant,Junior Staff,Permanent,19200,9400,2800,1500,2100,35000,52500,1900,19200,15000,529500,0.95890411
MG-GZP-ENG-0117,Zahid Hasan,Male,Engineering & Maintenance,Gazipur Manufacturing Unit,Project Engineer,Executive,Permanent,56100,27500,8200,4000,6200,102000,102000,5600,0,15000,1408200,1.13333333
MG-GZP-PRD-0118,Jahid Islam,Male,Production,Gazipur Manufacturing Unit,Shift Officer,Officer,Probation,30300,14900,4400,2500,2900,55000,55000,0,0,0,715000,1.06796117
MG-GZP-PRD-0119,Sumaiya Khatun,Female,Production,Gazipur Manufacturing Unit,Line Coordinator,Junior Staff,Permanent,16200,8000,2400,1500,1400,29500,29500,1600,16200,15000,433900,0.80821918
MG-NGJ-PRD-0120,Nazmul Noor,Male,Production,Narayanganj Production Plant,Machine Operator,Worker,Permanent,11300,5500,1600,1500,600,20500,30800,1100,11300,15000,316300,0.77358491
MG-CTG-SAM-0121,Imran Mia,Male,Sales & Marketing,Chattogram Distribution Hub,Brand Officer,Officer,Probation,30500,15000,4400,2500,3100,55500,55500,0,0,0,721500,1.0776699
MG-NGJ-SAM-0123,Rafiq Ahmed,Male,Sales & Marketing,Narayanganj Production Plant,Marketing Assistant,Junior Staff,Permanent,24200,11900,3500,1500,2900,44000,44000,2400,0,15000,615800,1.20547945
MG-NGJ-QAS-0124,Zahid Rashid,Male,Quality Assurance,Narayanganj Production Plant,Lab Assistant,Worker,Permanent,16500,8100,2400,1500,1500,30000,45000,1600,16500,15000,455700,1.13207547
MG-GZP-QAS-0126,Mim Sarker,Female,Quality Assurance,Gazipur Manufacturing Unit,Quality Inspector,Worker,Contract,17300,8500,2500,1500,1700,31500,63000,0,0,0,441000,1.18867925
MG-DHK-FIN-0127,Ayesha Bhuiyan,Female,Finance & Accounts,Dhaka Corporate Office,Senior Finance Officer,Senior Officer,Permanent,38000,18600,5500,2500,4400,69000,103500,3800,0,15000,992100,0.98571429
MG-DHK-SAM-0128,Rashed Islam,Male,Sales & Marketing,Dhaka Corporate Office,Marketing Assistant,Junior Staff,Permanent,22300,10900,3200,1500,2600,40500,40500,2200,0,15000,567900,1.10958904
MG-DHK-SAM-0129,Kamrul Uddin,Male,Sales & Marketing,Dhaka Corporate Office,Marketing Assistant,Junior Staff,Contract,22800,11200,3300,1500,2700,41500,83000,0,0,0,581000,1.1369863
MG-CTG-SAM-0130,Jahid Ahmed,Male,Sales & Marketing,Chattogram Distribution Hub,Brand Officer,Officer,Permanent,27800,13600,4000,2500,2600,50500,75800,2800,0,15000,730400,0.98058252
MG-DHK-FIN-0132,Kamrul Ferdous,Male,Finance & Accounts,Dhaka Corporate Office,Senior Manager - Finance,Senior Manager,Permanent,123200,60500,17900,4000,18400,224000,336000,12300,0,15000,3186600,1.04186047
MG-GZP-PRD-0133,Shakil Uddin,Male,Production,Gazipur Manufacturing Unit,Shift Supervisor,Senior Officer,Permanent,36800,18100,5400,2500,4200,67000,100500,3700,0,15000,963900,0.95714286
MG-DHK-FIN-0134,Zahid Rashid,Male,Finance & Accounts,Dhaka Corporate Office,Finance Manager,Manager,Probation,64100,31500,9300,4000,7600,116500,116500,0,0,0,1514500,0.83214286
MG-NGJ-PRD-0135,Saiful Islam,Male,Production,Narayanganj Production Plant,Production Operator,Worker,Permanent,11300,5500,1600,1500,600,20500,30800,1100,0,15000,305000,0.77358491
MG-DHK-SAM-0136,Ayesha Akter,Female,Sales & Marketing,Dhaka Corporate Office,Sales Representative,Junior Staff,Permanent,18400,9000,2700,1500,1900,33500,33500,1800,18400,15000,490500,0.91780822
MG-GZP-PRD-0137,Rifat Rashid,Female,Production,Gazipur Manufacturing Unit,Line Coordinator,Junior Staff,Intern,18200,8900,2600,1500,1800,33000,33000,0,0,0,429000,0.90410959
MG-GZP-QAS-0138,Saiful Jahan,Male,Quality Assurance,Gazipur Manufacturing Unit,Quality Officer,Officer,Intern,33600,16500,4900,2500,3500,61000,122000,0,0,0,854000,1.18446602
MG-DHK-FIN-0139,Nadia Mahmud,Female,Finance & Accounts,Dhaka Corporate Office,Finance Officer,Officer,Permanent,30500,15000,4400,2500,3100,55500,55500,3000,0,15000,772500,1.0776699
MG-GZP-QAS-0140,Nayeem Noor,Male,Quality Assurance,Gazipur Manufacturing Unit,QA Assistant,Junior Staff,Permanent,19000,9300,2800,1500,1900,34500,51800,1900,19000,15000,522600,0.94520548
MG-GZP-QAS-0141,Ashik Akter,Male,Quality Assurance,Gazipur Manufacturing Unit,Quality Officer,Officer,Permanent,34600,17000,5000,2500,3900,63000,63000,3500,34600,15000,910600,1.22330097
MG-GZP-SAM-0142,Md. Rahim Talukder,Male,Sales & Marketing,Gazipur Manufacturing Unit,Territory Sales Officer,Officer,Contract,35800,17600,5200,2500,3900,65000,65000,0,0,0,845000,1.26213592
MG-DHK-SAM-0143,Shuvo Bhuiyan,Male,Sales & Marketing,Dhaka Corporate Office,Sales Representative,Junior Staff,Permanent,17600,8600,2600,1500,1700,32000,32000,1800,17600,15000,470200,0.87671233
MG-NGJ-ENG-0144,Mahmud Khan,Male,Engineering & Maintenance,Narayanganj Production Plant,Senior Manager - Engineering,Senior Manager,Permanent,95400,46800,13900,4000,13400,173500,173500,9500,0,15000,2384500,0.80697674
MG-DHK-IT-0145,Mehedi Rahman,Male,Information Technology,Dhaka Corporate Office,IT Officer,Officer,Permanent,40200,19700,5800,2500,4800,73000,73000,4000,40200,15000,1052200,1.41747573
MG-GZP-PRD-0146,Asif Jahan,Male,Production,Gazipur Manufacturing Unit,Line Coordinator,Junior Staff,Permanent,22300,10900,3200,1500,2600,40500,40500,2200,22300,15000,590200,1.10958904
MG-CTG-ENG-0147,Mahmud Islam,Male,Engineering & Maintenance,Chattogram Distribution Hub,Technical Assistant,Junior Staff,Permanent,22000,10800,3200,1500,2500,40000,40000,2200,0,15000,561400,1.09589041
MG-GZP-QAS-0148,Afroza Akter,Female,Quality Assurance,Gazipur Manufacturing Unit,QA Assistant,Junior Staff,Permanent,23100,11300,3400,1500,2700,42000,42000,2300,0,15000,588600,1.15068493
MG-DHK-HRA-0150,Anika Karim,Female,HR & Administration,Dhaka Corporate Office,Admin Officer,Officer,Permanent,23400,11500,3400,2500,1700,42500,42500,2300,23400,15000,618500,0.82524272
MG-DHK-SAM-0151,Ahsan Mahmud,Male,Sales & Marketing,Dhaka Corporate Office,Sales Executive,Executive,Permanent,58600,28800,8500,4000,6600,106500,106500,5900,0,15000,1470300,1.18333333
MG-DHK-CST-0152,Lubna Islam,Female,Corporate Strategy,Dhaka Corporate Office,Business Research Assistant,Junior Staff,Permanent,25300,12400,3700,1500,3100,46000,92000,2500,25300,15000,714300,1.26027397
MG-GZP-HRA-0154,Maliha Islam,Female,HR & Administration,Gazipur Manufacturing Unit,HR Officer,Officer,Probation,29200,14300,4200,2500,2800,53000,106000,0,0,0,742000,1.02912621
MG-GZP-PRD-0156,Rafiq Uddin,Male,Production,Gazipur Manufacturing Unit,Senior Production Officer,Senior Officer,Permanent,35800,17600,5200,2500,3900,65000,97500,3600,0,15000,935700,0.92857143
MG-NGJ-FIN-0157,Mizanur Hasan,Male,Finance & Accounts,Narayanganj Production Plant,Cash Assistant,Junior Staff,Permanent,16800,8200,2400,1500,1600,30500,30500,1700,16800,15000,448700,0.83561644
MG-DHK-LGL-0159,Shakil Sultana,Male,Legal & Compliance,Dhaka Corporate Office,Senior Legal Officer,Senior Officer,Permanent,41500,20400,6000,2500,5100,75500,75500,4200,41500,15000,1088400,1.07857143
MG-GZP-SCL-0160,Shafiq Sarker,Male,Supply Chain & Logistics,Gazipur Manufacturing Unit,Inventory Officer,Officer,Permanent,31600,15500,4600,2500,3300,57500,57500,3200,31600,15000,832500,1.11650485
MG-NGJ-PRO-0161,Jahid Bhuiyan,Male,Procurement,Narayanganj Production Plant,Vendor Coordinator,Junior Staff,Probation,20400,10000,3000,1500,2100,37000,37000,0,0,0,481000,1.01369863
MG-DHK-HRA-0162,Rumana Haque,Female,HR & Administration,Dhaka Corporate Office,HR Officer,Officer,Permanent,30300,14900,4400,2500,2900,55000,55000,3000,0,15000,766000,1.06796117
MG-NGJ-PRD-0163,Shakil Sarker,Male,Production,Narayanganj Production Plant,Shift Officer,Officer,Permanent,33300,16300,4800,2500,3600,60500,60500,3300,33300,15000,874400,1.17475728
MG-DHK-CST-0164,Mim Rahman,Female,Corporate Strategy,Dhaka Corporate Office,PMO Manager,Manager,Permanent,96300,47200,14000,4000,13500,175000,175000,9600,96300,15000,2501500,1.25
MG-NGJ-PRD-0166,Jahid Mahmud,Male,Production,Narayanganj Production Plant,Senior Manager - Production,Senior Manager,Permanent,105300,51700,15300,4000,15200,191500,191500,10500,105300,15000,2735800,0.89069767
MG-GZP-SCL-0167,Priyanka Sultana,Female,Supply Chain & Logistics,Gazipur Manufacturing Unit,Dispatch Coordinator,Junior Staff,Permanent,22000,10800,3200,1500,2500,40000,80000,2200,22000,15000,623400,1.09589041
MG-GZP-QAS-0168,Sadia Mahmud,Female,Quality Assurance,Gazipur Manufacturing Unit,Lab Assistant,Worker,Permanent,14900,7300,2200,1500,1100,27000,40500,1500,0,15000,397500,1.01886792
MG-DHK-PRO-0169,Tareq Alam,Male,Procurement,Dhaka Corporate Office,Vendor Management Executive,Executive,Permanent,52300,25600,7600,4000,5500,95000,142500,5200,0,15000,1359900,1.05555556
MG-DHK-SAM-0170,Ashik Kabir,Male,Sales & Marketing,Dhaka Corporate Office,Area Sales Manager,Manager,Permanent,64600,31700,9400,4000,7800,117500,176200,6500,64600,15000,1743800,0.83928571
MG-DHK-FIN-0171,Mizanur Haque,Male,Finance & Accounts,Dhaka Corporate Office,Finance Manager,Manager,Permanent,96500,47400,14000,4000,13600,175500,175500,9600,0,15000,2411700,1.25357143
MG-GZP-PRD-0172,Raisa Talukder,Female,Production,Gazipur Manufacturing Unit,Production Operator,Worker,Permanent,12700,6200,1800,1500,800,23000,34500,1300,12700,15000,353800,0.86792453
MG-DHK-FIN-0173,Tanvir Khatun,Male,Finance & Accounts,Dhaka Corporate Office,Finance Officer,Officer,Contract,35800,17600,5200,2500,3900,65000,97500,0,0,0,877500,1.26213592
MG-NGJ-PRD-0174,Mahmud Alam,Male,Production,Narayanganj Production Plant,Line Coordinator,Junior Staff,Contract,15700,7700,2300,1500,1300,28500,28500,0,0,0,370500,0.78082192
MG-NGJ-QAS-0175,Riyad Mahmud,Male,Quality Assurance,Narayanganj Production Plant,Regulatory Executive,Executive,Permanent,39900,19600,5800,4000,3200,72500,108800,4000,0,15000,1041800,0.80555556
MG-DHK-LGL-0176,Mahmud Jahan,Male,Legal & Compliance,Dhaka Corporate Office,Compliance Manager,Manager,Permanent,93000,45600,13500,4000,12900,169000,169000,9300,93000,15000,2416600,1.20714286
MG-CTG-SAM-0177,Nabila Alam,Female,Sales & Marketing,Chattogram Distribution Hub,Marketing Assistant,Junior Staff,Permanent,22000,10800,3200,1500,2500,40000,40000,2200,0,15000,561400,1.09589041
MG-DHK-HRA-0178,Ishrat Ferdous,Female,HR & Administration,Dhaka Corporate Office,HR Executive,Executive,Permanent,57500,28200,8400,4000,6400,104500,104500,5800,0,15000,1443100,1.16111111
MG-RAJ-SAM-0179,Tanjina Rahman,Female,Sales & Marketing,Rajshahi Regional Office,Sales Representative,Junior Staff,Permanent,22000,10800,3200,1500,2500,40000,80000,2200,0,15000,601400,1.09589041
MG-GZP-PRD-0180,Lubna Sarker,Not Disclosed,Production,Gazipur Manufacturing Unit,Production Assistant,Junior Staff,Permanent,20600,10100,3000,1500,2300,37500,75000,2100,20600,15000,585800,1.02739726
MG-GZP-QAS-0181,Tareq Akter,Male,Quality Assurance,Gazipur Manufacturing Unit,Senior Quality Officer,Senior Officer,Permanent,40400,19800,5900,2500,4900,73500,73500,4000,0,15000,1018500,1.05
MG-GZP-PRD-0182,Md. Karim Islam,Male,Production,Gazipur Manufacturing Unit,Plant Operations Manager,Manager,Contract,72300,35500,10500,4000,9200,131500,197200,0,0,0,1775200,0.93928571
MG-DHK-PRD-0184,Ahsan Mia,Male,Production,Dhaka Corporate Office,Production Assistant,Junior Staff,Permanent,20900,10300,3000,1500,2300,38000,38000,2100,0,15000,534200,1.04109589
MG-GZP-SCL-0185,Priyanka Hasan,Female,Supply Chain & Logistics,Gazipur Manufacturing Unit,Inventory Officer,Officer,Permanent,32500,15900,4700,2500,3400,59000,59000,3200,0,15000,820400,1.14563107
MG-DHK-HRA-0187,Mahmud Kabir,Male,HR & Administration,Dhaka Corporate Office,HR Officer,Officer,Permanent,34400,16900,5000,2500,3700,62500,62500,3400,34400,15000,902700,1.21359223
MG-NGJ-PRD-0189,Nazmul Haque,Male,Production,Narayanganj Production Plant,Packing Assistant,Worker,Permanent,12900,6300,1900,1500,900,23500,35200,1300,0,15000,347800,0.88679245
MG-DHK-HRA-0191,Tanvir Mahmud,Male,HR & Administration,Dhaka Corporate Office,Senior HR Officer,Senior Officer,Permanent,39900,19600,5800,2500,4700,72500,72500,4000,0,15000,1005500,1.03571429
MG-NGJ-PRD-0192,Priyanka Karim,Not Disclosed,Production,Narayanganj Production Plant,Production Assistant,Junior Staff,Permanent,18700,9200,2700,1500,1900,34000,34000,1900,0,15000,479800,0.93150685
MG-CTG-PRD-0193,Tareq Mahmud,Male,Production,Chattogram Distribution Hub,Production Operator,Worker,Contract,14600,7200,2100,1500,1100,26500,26500,0,0,0,344500,1
MG-GZP-SCL-0194,Nayeem Uddin,Male,Supply Chain & Logistics,Gazipur Manufacturing Unit,Supply Chain Executive,Executive,Permanent,45400,22300,6600,4000,4200,82500,123800,4500,0,15000,1182800,0.91666667
MG-GZP-PRD-0195,Farhan Bhuiyan,Male,Production,Gazipur Manufacturing Unit,Production Executive,Executive,Permanent,59100,29000,8600,4000,6800,107500,215000,5900,0,15000,1590800,1.19444444
MG-GZP-IT-0196,Nazmul Mia,Male,Information Technology,Gazipur Manufacturing Unit,Software Engineer,Executive,Permanent,48100,23600,7000,4000,4800,87500,87500,4800,48100,15000,1258200,0.97222222
MG-DHK-QAS-0197,Md. Rahim Talukder,Male,Quality Assurance,Dhaka Corporate Office,QA Assistant,Junior Staff,Permanent,22600,11100,3300,1500,2500,41000,61500,2300,0,15000,596100,1.12328767
MG-NGJ-ENG-0198,Rafiq Mia,Male,Engineering & Maintenance,Narayanganj Production Plant,Mechanical Technician,Worker,Permanent,15100,7400,2200,1500,1300,27500,27500,1500,15100,15000,405600,1.03773585
MG-GZP-PRD-0199,Jahid Hasan,Male,Production,Gazipur Manufacturing Unit,Line Coordinator,Junior Staff,Permanent,14900,7300,2200,1500,1100,27000,40500,1500,0,15000,397500,0.73972603
MG-NGJ-CUS-0200,Afroza Islam,Female,Customer Service,Narayanganj Production Plant,Customer Experience Executive,Executive,Permanent,51200,25100,7400,4000,5300,93000,186000,5100,0,15000,1378200,1.03333333
MG-DHK-SAM-0201,Mehedi Karim,Male,Sales & Marketing,Dhaka Corporate Office,Sales Executive,Executive,Permanent,46800,23000,6800,4000,4400,85000,127500,4700,0,15000,1218900,0.94444444
MG-GZP-PRD-0202,Nadia Noor,Female,Production,Gazipur Manufacturing Unit,Shift Officer,Officer,Permanent,20400,10000,3000,2500,1100,37000,37000,2000,0,15000,520000,0.7184466
MG-DHK-FIN-0203,Mizanur Hasan,Male,Finance & Accounts,Dhaka Corporate Office,Accounts Officer,Officer,Permanent,26700,13100,3900,2500,2300,48500,48500,2700,0,15000,677900,0.94174757
MG-GZP-SAM-0204,Sabbir Mia,Male,Sales & Marketing,Gazipur Manufacturing Unit,Senior Brand Officer,Senior Officer,Permanent,35200,17300,5100,2500,3900,64000,64000,3500,0,15000,889000,0.91428571
MG-GZP-FIN-0205,Farhan Islam,Male,Finance & Accounts,Gazipur Manufacturing Unit,Senior Accounts Officer,Senior Officer,Permanent,32200,15800,4700,2500,3300,58500,58500,3200,0,15000,813900,0.83571429
MG-CTG-PRD-0206,Hasan Kabir,Male,Production,Chattogram Distribution Hub,Shift Supervisor,Senior Officer,Permanent,40400,19800,5900,2500,4900,73500,73500,4000,40400,15000,1058900,1.05
MG-DHK-IT-0207,Rafiq Hossain,Male,Information Technology,Dhaka Corporate Office,Junior Developer,Junior Staff,Permanent,19000,9300,2800,1500,1900,34500,51800,1900,19000,15000,522600,0.94520548
MG-CTG-SAM-0208,Imran Alam,Male,Sales & Marketing,Chattogram Distribution Hub,Brand Manager,Manager,Permanent,83600,41000,12200,4000,11200,152000,228000,8400,83600,15000,2251400,1.08571429
MG-DHK-SAM-0209,Ashik Mia,Male,Sales & Marketing,Dhaka Corporate Office,Senior Brand Officer,Senior Officer,Permanent,39300,19300,5700,2500,4700,71500,71500,3900,39300,15000,1030600,1.02142857
MG-GZP-SCL-0211,Hasan Hossain,Male,Supply Chain & Logistics,Gazipur Manufacturing Unit,Supply Chain Executive,Executive,Permanent,48700,23900,7100,4000,4800,88500,132800,4900,48700,15000,1317300,0.98333333
MG-DHK-CUS-0212,Riyad Rahman,Male,Customer Service,Dhaka Corporate Office,Complaint Resolution Officer,Officer,Permanent,25900,12700,3800,2500,2100,47000,47000,2600,25900,15000,683100,0.91262136
MG-DHK-FIN-0213,Tasnim Akter,Female,Finance & Accounts,Dhaka Corporate Office,Accounts Assistant,Junior Staff,Permanent,23400,11500,3400,1500,2700,42500,63800,2300,0,15000,616400,1.16438356
MG-GZP-PRD-0214,Tareq Khan,Male,Production,Gazipur Manufacturing Unit,Production Officer,Officer,Permanent,28600,14000,4200,2500,2700,52000,52000,2900,28600,15000,754400,1.00970874
MG-GZP-PRD-0215,Zahid Haque,Male,Production,Gazipur Manufacturing Unit,Machine Operator,Worker,Permanent,13800,6800,2000,1500,900,25000,25000,1400,13800,15000,370600,0.94339623
MG-RAJ-ENG-0216,Sabbir Ahmed,Male,Engineering & Maintenance,Rajshahi Regional Office,Utilities Officer,Officer,Permanent,24500,12000,3600,2500,1900,44500,66800,2400,24500,15000,669100,0.86407767
MG-CTG-SCL-0218,Rashed Talukder,Male,Supply Chain & Logistics,Chattogram Distribution Hub,Warehouse Assistant,Worker,Contract,11600,5700,1700,1500,500,21000,42000,0,0,0,294000,0.79245283
MG-GZP-ENG-0219,Hasan Mia,Male,Engineering & Maintenance,Gazipur Manufacturing Unit,Mechanical Technician,Worker,Contract,14600,7200,2100,1500,1100,26500,26500,0,0,0,344500,1
MG-CTG-HRA-0220,Sumaiya Khatun,Female,HR & Administration,Chattogram Distribution Hub,HR Executive,Executive,Permanent,51700,25400,7500,4000,5400,94000,94000,5200,51700,15000,1351100,1.04444444
MG-DHK-CST-0221,Arif Mia,Male,Corporate Strategy,Dhaka Corporate Office,Senior Business Analyst,Senior Officer,Permanent,49500,24300,7200,2500,6500,90000,135000,5000,0,15000,1290000,1.28571429
MG-GZP-SCL-0222,Jahid Sarker,Male,Supply Chain & Logistics,Gazipur Manufacturing Unit,Warehouse Supervisor,Senior Officer,Permanent,45900,22500,6700,2500,5900,83500,125200,4600,0,15000,1197400,1.19285714
MG-RAJ-SAM-0223,Kamrul Kabir,Male,Sales & Marketing,Rajshahi Regional Office,Sales Representative,Junior Staff,Permanent,14600,7200,2100,1500,1100,26500,26500,1500,0,15000,377500,0.7260274
MG-GZP-HRA-0224,Mst. Roksana Rashid,Female,HR & Administration,Gazipur Manufacturing Unit,Admin Officer,Officer,Permanent,21400,10500,3100,2500,1500,39000,39000,2100,21400,15000,568600,0.75728155
MG-DHK-FIN-0225,Rifat Rahman,Female,Finance & Accounts,Dhaka Corporate Office,Senior Finance Officer,Senior Officer,Permanent,31600,15500,4600,2500,3300,57500,57500,3200,0,15000,800900,0.82142857
MG-NGJ-PRD-0226,Sabbir Chowdhury,Male,Production,Narayanganj Production Plant,Machine Operator,Worker,Permanent,15700,7700,2300,1500,1300,28500,28500,1600,0,15000,404700,1.0754717
MG-GZP-PRD-0228,Shuvo Ahmed,Male,Production,Gazipur Manufacturing Unit,Production Officer,Officer,Permanent,27000,13200,3900,2500,2400,49000,49000,2700,0,15000,684400,0.95145631
MG-CTG-CST-0229,Afroza Islam,Female,Corporate Strategy,Chattogram Distribution Hub,Senior Strategy Officer,Senior Officer,Permanent,31400,15400,4600,2500,3100,57000,57000,3100,0,15000,793200,0.81428571
MG-GZP-SCL-0230,Rashed Rashid,Male,Supply Chain & Logistics,Gazipur Manufacturing Unit,Inventory Officer,Officer,Permanent,25300,12400,3700,2500,2100,46000,69000,2500,0,15000,666000,0.89320388
MG-CTG-SAM-0232,Jannatul Ferdous,Female,Sales & Marketing,Chattogram Distribution Hub,Digital Marketing Executive,Executive,Permanent,40400,19800,5900,4000,3400,73500,73500,4000,40400,15000,1058900,0.81666667
MG-GZP-PRD-0233,Saiful Alam,Male,Production,Gazipur Manufacturing Unit,Line Coordinator,Junior Staff,Permanent,24500,12000,3600,1500,2900,44500,89000,2400,0,15000,666800,1.21917808
MG-NGJ-SCL-0234,Shakil Bhuiyan,Male,Supply Chain & Logistics,Narayanganj Production Plant,Logistics Officer,Officer,Permanent,25600,12600,3700,2500,2100,46500,69800,2600,25600,15000,699600,0.90291262
MG-GZP-SCL-0235,Md. Rahim Kabir,Male,Supply Chain & Logistics,Gazipur Manufacturing Unit,Dispatch Coordinator,Junior Staff,Permanent,19500,9600,2800,1500,2100,35500,35500,2000,0,15000,500500,0.97260274
MG-GZP-PRO-0236,Riyad Kabir,Male,Procurement,Gazipur Manufacturing Unit,Purchase Assistant,Junior Staff,Permanent,19800,9700,2900,1500,2100,36000,36000,2000,0,15000,507000,0.98630137
MG-GZP-FIN-0237,Saiful Haque,Male,Finance & Accounts,Gazipur Manufacturing Unit,Finance Executive,Executive,Contract,57200,28100,8300,4000,6400,104000,104000,0,0,0,1352000,1.15555556
MG-GZP-PRD-0238,Shuvo Khan,Male,Production,Gazipur Manufacturing Unit,Planning Executive,Executive,Permanent,39300,19300,5700,4000,3200,71500,71500,3900,39300,15000,1030600,0.79444444
MG-DHK-SCL-0239,Mim Chowdhury,Female,Supply Chain & Logistics,Dhaka Corporate Office,Loader,Worker,Permanent,14000,6900,2000,1500,1100,25500,38200,1400,14000,15000,390000,0.96226415
MG-CTG-SAM-0241,Anika Khan,Female,Sales & Marketing,Chattogram Distribution Hub,Brand Manager,Manager,Permanent,70400,34600,10200,4000,8800,128000,192000,7000,70400,15000,1897400,0.91428571
MG-CTG-QAS-0242,Moumita Khan,Not Disclosed,Quality Assurance,Chattogram Distribution Hub,Quality Officer,Officer,Permanent,30800,15100,4500,2500,3100,56000,112000,3100,30800,15000,867000,1.08737864
MG-GZP-IT-0243,Rakib Rahman,Male,Information Technology,Gazipur Manufacturing Unit,Senior IT Officer,Senior Officer,Permanent,51200,25100,7400,2500,6800,93000,93000,5100,0,15000,1285200,1.32857143
MG-NGJ-PRD-0244,Md. Rahim Uddin,Male,Production,Narayanganj Production Plant,Packing Assistant,Worker,Permanent,17900,8800,2600,1500,1700,32500,32500,1800,0,15000,459100,1.22641509
MG-GZP-PRD-0245,Farzana Haque,Female,Production,Gazipur Manufacturing Unit,Production Executive,Executive,Permanent,41800,20500,6100,4000,3600,76000,76000,4200,41800,15000,1095200,0.84444444
MG-GZP-SAM-0246,Mahmud Sarker,Male,Sales & Marketing,Gazipur Manufacturing Unit,Brand Officer,Officer,Permanent,24800,12200,3600,2500,1900,45000,45000,2500,24800,15000,654800,0.87378641
MG-GZP-PRD-0247,Shakil Talukder,Male,Production,Gazipur Manufacturing Unit,Shift Officer,Officer,Permanent,30500,15000,4400,2500,3100,55500,55500,3000,0,15000,772500,1.0776699
MG-RAJ-SCL-0248,Rashed Chowdhury,Male,Supply Chain & Logistics,Rajshahi Regional Office,Loader,Worker,Permanent,16500,8100,2400,1500,1500,30000,45000,1600,0,15000,439200,1.13207547
MG-DHK-SAM-0250,Imran Sarker,Male,Sales & Marketing,Dhaka Corporate Office,Area Sales Manager,Manager,Permanent,85200,41800,12400,4000,11600,155000,155000,8500,0,15000,2132000,1.10714286
MG-DHK-HRA-0251,Mst. Roksana Chowdhury,Female,HR & Administration,Dhaka Corporate Office,HR Manager,Manager,Permanent,89100,43700,13000,4000,12200,162000,243000,8900,0,15000,2308800,1.15714286
MG-NGJ-CUS-0252,Rakib Alam,Male,Customer Service,Narayanganj Production Plant,Customer Service Representative,Junior Staff,Permanent,16000,7800,2300,1500,1400,29000,29000,1600,16000,15000,427200,0.79452055
MG-GZP-ENG-0253,Saiful Khan,Male,Engineering & Maintenance,Gazipur Manufacturing Unit,Maintenance Coordinator,Junior Staff,Permanent,21200,10400,3100,1500,2300,38500,57800,2100,21200,15000,581200,1.05479452
MG-DHK-PRO-0254,Shafiq Hossain,Male,Procurement,Dhaka Corporate Office,Vendor Coordinator,Junior Staff,Permanent,19500,9600,2800,1500,2100,35500,53200,2000,0,15000,518200,0.97260274
MG-DHK-CST-0255,Moumita Alam,Female,Corporate Strategy,Dhaka Corporate Office,Business Analyst,Officer,Permanent,24800,12200,3600,2500,1900,45000,45000,2500,24800,15000,654800,0.87378641
MG-GZP-PRD-0256,Jahid Haque,Male,Production,Gazipur Manufacturing Unit,Line Coordinator,Junior Staff,Permanent,23700,11600,3400,1500,2800,43000,64500,2400,0,15000,624300,1.17808219
MG-NGJ-PRD-0257,Nazmul Alam,Male,Production,Narayanganj Production Plant,Packing Assistant,Worker,Permanent,13200,6500,1900,1500,900,24000,36000,1300,13200,15000,367800,0.90566038
MG-NGJ-QAS-0260,Fahim Hasan,Male,Quality Assurance,Narayanganj Production Plant,QC Technician,Junior Staff,Permanent,19200,9400,2800,1500,2100,35000,35000,1900,0,15000,492800,0.95890411
MG-RAJ-SAM-0261,Nafisa Islam,Female,Sales & Marketing,Rajshahi Regional Office,Senior Brand Officer,Senior Officer,Permanent,42100,20700,6100,2500,5100,76500,76500,4200,0,15000,1059900,1.09285714
MG-DHK-SAM-0262,Zahid Noor,Male,Sales & Marketing,Dhaka Corporate Office,Regional Sales Manager,Senior Manager,Permanent,153400,75300,22300,4000,24000,279000,418500,15300,153400,15000,4118500,1.29767442
MG-DHK-HRA-0263,Ayesha Hasan,Female,HR & Administration,Dhaka Corporate Office,HR Manager,Manager,Permanent,74000,36300,10800,4000,9400,134500,134500,7400,0,15000,1852300,0.96071429
MG-GZP-SAM-0264,Sabbir Chowdhury,Male,Sales & Marketing,Gazipur Manufacturing Unit,Sales Executive,Executive,Permanent,50600,24800,7400,4000,5200,92000,92000,5100,50600,15000,1322800,1.02222222
MG-DHK-HRA-0265,Jahid Karim,Male,HR & Administration,Dhaka Corporate Office,Senior Admin Officer,Senior Officer,Permanent,49000,24000,7100,2500,6400,89000,89000,4900,49000,15000,1279800,1.27142857
MG-GZP-PRD-0266,Farhan Islam,Male,Production,Gazipur Manufacturing Unit,Machine Operator,Worker,Permanent,17900,8800,2600,1500,1700,32500,48800,1800,17900,15000,493300,1.22641509
MG-DHK-CST-0267,Saiful Rahman,Male,Corporate Strategy,Dhaka Corporate Office,Senior Business Analyst,Senior Officer,Probation,51700,25400,7500,2500,6900,94000,94000,0,0,0,1222000,1.34285714
MG-DHK-FIN-0268,Mizanur Mahmud,Male,Finance & Accounts,Dhaka Corporate Office,Senior Manager - Finance,Senior Manager,Permanent,149600,73400,21800,4000,23200,272000,272000,15000,149600,15000,3880600,1.26511628
MG-GZP-SCL-0269,Md. Karim Akter,Male,Supply Chain & Logistics,Gazipur Manufacturing Unit,Planning Executive,Executive,Permanent,56100,27500,8200,4000,6200,102000,102000,5600,56100,15000,1464300,1.13333333
MG-NGJ-PRD-0271,Hasan Ferdous,Male,Production,Narayanganj Production Plant,Production Operator,Worker,Permanent,16000,7800,2300,1500,1400,29000,43500,1600,16000,15000,441700,1.09433962
MG-GZP-PRD-0272,Arif Rashid,Male,Production,Gazipur Manufacturing Unit,Production Operator,Worker,Contract,11800,5800,1700,1500,700,21500,21500,0,0,0,279500,0.81132075
MG-CTG-SAM-0273,Rafiq Chowdhury,Male,Sales & Marketing,Chattogram Distribution Hub,Regional Sales Manager,Senior Manager,Permanent,103100,50600,15000,4000,14800,187500,281200,10300,0,15000,2669800,0.87209302
MG-GZP-ENG-0275,Monir Rahman,Male,Engineering & Maintenance,Gazipur Manufacturing Unit,Senior Maintenance Officer,Senior Officer,Permanent,36600,18000,5300,2500,4100,66500,66500,3700,36600,15000,960500,0.95
MG-NGJ-CUS-0276,Sabbir Karim,Male,Customer Service,Narayanganj Production Plant,Service Quality Executive,Executive,Contract,54500,26700,7900,4000,5900,99000,148500,0,0,0,1336500,1.1
MG-GZP-QAS-0277,Zahid Chowdhury,Male,Quality Assurance,Gazipur Manufacturing Unit,Quality Inspector,Worker,Permanent,16000,7800,2300,1500,1400,29000,43500,1600,0,15000,425700,1.09433962
MG-DHK-SCL-0278,Ahsan Jahan,Male,Supply Chain & Logistics,Dhaka Corporate Office,Loader,Worker,Permanent,14000,6900,2000,1500,1100,25500,51000,1400,14000,15000,402800,0.96226415
MG-RAJ-SCL-0279,Shafiq Mia,Male,Supply Chain & Logistics,Rajshahi Regional Office,Planning Executive,Executive,Permanent,60500,29700,8800,4000,7000,110000,165000,6000,60500,15000,1632500,1.22222222
MG-GZP-SAM-0280,Rakib Ahmed,Male,Sales & Marketing,Gazipur Manufacturing Unit,Territory Sales Officer,Officer,Probation,24800,12200,3600,2500,1900,45000,67500,0,0,0,607500,0.87378641
MG-GZP-ENG-0282,Shafiq Noor,Male,Engineering & Maintenance,Gazipur Manufacturing Unit,Mechanical Technician,Worker,Permanent,13200,6500,1900,1500,900,24000,24000,1300,0,15000,342600,0.90566038
MG-DHK-HRA-0283,Samira Chowdhury,Female,HR & Administration,Dhaka Corporate Office,Head of Human Resources,Head,Permanent,236000,115800,34300,4000,38900,429000,429000,23600,236000,15000,6111200,1.28059701
MG-GZP-SAM-0284,Nazmul Talukder,Male,Sales & Marketing,Gazipur Manufacturing Unit,Digital Marketing Executive,Executive,Permanent,63300,31100,9200,4000,7400,115000,172500,6300,63300,15000,1706400,1.27777778
MG-NGJ-PRD-0285,Asif Talukder,Male,Production,Narayanganj Production Plant,Production Manager,Manager,Probation,62400,30600,9100,4000,7400,113500,113500,0,0,0,1475500,0.81071429
MG-NGJ-PRD-0286,Nazmul Jahan,Male,Production,Narayanganj Production Plant,Shift Officer,Officer,Permanent,32200,15800,4700,2500,3300,58500,87800,3200,0,15000,843200,1.13592233
MG-NGJ-PRD-0287,Tasnim Islam,Female,Production,Narayanganj Production Plant,Production Operator,Worker,Contract,15400,7600,2200,1500,1300,28000,42000,0,0,0,378000,1.05660377
MG-DHK-FIN-0289,Sadia Ferdous,Female,Finance & Accounts,Dhaka Corporate Office,Senior Accounts Officer,Senior Officer,Permanent,33300,16300,4800,2500,3600,60500,121000,3300,33300,15000,934900,0.86428571
MG-GZP-PRD-0290,Shakil Karim,Male,Production,Gazipur Manufacturing Unit,Senior Production Officer,Senior Officer,Permanent,47000,23100,6800,2500,6100,85500,128200,4700,0,15000,1225600,1.22142857
MG-NGJ-SAM-0291,Mim Mahmud,Female,Sales & Marketing,Narayanganj Production Plant,Territory Sales Officer,Officer,Permanent,31100,15300,4500,2500,3100,56500,113000,3100,31100,15000,874300,1.09708738
MG-NGJ-ENG-0292,Fahim Rahman,Male,Engineering & Maintenance,Narayanganj Production Plant,Senior Maintenance Officer,Senior Officer,Permanent,43200,21200,6300,2500,5300,78500,78500,4300,43200,15000,1130300,1.12142857
MG-NGJ-SCL-0295,Saiful Akter,Male,Supply Chain & Logistics,Narayanganj Production Plant,Warehouse Assistant,Worker,Contract,14600,7200,2100,1500,1100,26500,26500,0,0,0,344500,1
MG-DHK-SAM-0296,Saiful Rahman,Male,Sales & Marketing,Dhaka Corporate Office,Senior Territory Officer,Senior Officer,Probation,43200,21200,6300,2500,5300,78500,117800,0,0,0,1059800,1.12142857
MG-GZP-CUS-0297,Rafiq Bhuiyan,Male,Customer Service,Gazipur Manufacturing Unit,Call Centre Agent,Junior Staff,Contract,24500,12000,3600,1500,2900,44500,44500,0,0,0,578500,1.21917808
MG-DHK-SAM-0298,Hasan Uddin,Male,Sales & Marketing,Dhaka Corporate Office,Marketing Assistant,Junior Staff,Permanent,18700,9200,2700,1500,1900,34000,34000,1900,18700,15000,498500,0.93150685
MG-CTG-SAM-0299,Fahim Khan,Male,Sales & Marketing,Chattogram Distribution Hub,Senior Territory Officer,Senior Officer,Permanent,36800,18100,5400,2500,4200,67000,100500,3700,0,15000,963900,0.95714286
MG-DHK-SAM-0300,Zahid Rahman,Male,Sales & Marketing,Dhaka Corporate Office,Regional Sales Manager,Senior Manager,Permanent,114700,56300,16700,4000,16800,208500,208500,11500,0,15000,2863500,0.96976744
MG-GZP-FIN-0301,Jahid Khatun,Male,Finance & Accounts,Gazipur Manufacturing Unit,Accounts Assistant,Junior Staff,Permanent,23400,11500,3400,1500,2700,42500,42500,2300,23400,15000,618500,1.16438356
MG-GZP-PRD-0302,Mehedi Bhuiyan,Male,Production,Gazipur Manufacturing Unit,Senior Manager - Production,Senior Manager,Permanent,119100,58500,17300,4000,17600,216500,324800,11900,0,15000,3080600,1.00697674
MG-GZP-QAS-0303,Rakib Rashid,Male,Quality Assurance,Gazipur Manufacturing Unit,Quality Inspector,Worker,Permanent,14000,6900,2000,1500,1100,25500,25500,1400,0,15000,363300,0.96226415
MG-CTG-SCL-0304,Sabbir Mahmud,Male,Supply Chain & Logistics,Chattogram Distribution Hub,Warehouse Assistant,Worker,Permanent,14600,7200,2100,1500,1100,26500,53000,1500,0,15000,404000,1
MG-DHK-CUS-0305,Sharmeen Talukder,Female,Customer Service,Dhaka Corporate Office,Customer Service Officer,Officer,Intern,35200,17300,5100,2500,3900,64000,64000,0,0,0,832000,1.24271845
MG-DHK-HRA-0306,Shakil Bhuiyan,Male,HR & Administration,Dhaka Corporate Office,Payroll Executive,Executive,Permanent,55300,27100,8000,4000,6100,100500,100500,5500,55300,15000,1442800,1.11666667
MG-GZP-PRD-0307,Sabbir Noor,Male,Production,Gazipur Manufacturing Unit,Machine Operator,Worker,Permanent,13200,6500,1900,1500,900,24000,36000,1300,0,15000,354600,0.90566038
MG-GZP-PRO-0308,Mehedi Jahan,Male,Procurement,Gazipur Manufacturing Unit,Sourcing Officer,Officer,Permanent,29200,14300,4200,2500,2800,53000,53000,2900,29200,15000,768000,1.02912621
MG-NGJ-ENG-0309,Arif Khatun,Male,Engineering & Maintenance,Narayanganj Production Plant,Electrician,Worker,Contract,16500,8100,2400,1500,1500,30000,45000,0,0,0,405000,1.13207547
MG-DHK-IT-0310,Sabbir Rahman,Male,Information Technology,Dhaka Corporate Office,Junior Developer,Junior Staff,Permanent,18400,9000,2700,1500,1900,33500,33500,1800,0,15000,472100,0.91780822
MG-CTG-SCL-0311,Ahsan Khan,Male,Supply Chain & Logistics,Chattogram Distribution Hub,Loader,Worker,Permanent,13200,6500,1900,1500,900,24000,24000,1300,0,15000,342600,0.90566038
MG-CTG-SAM-0313,Nabila Chowdhury,Female,Sales & Marketing,Chattogram Distribution Hub,Marketing Assistant,Junior Staff,Permanent,25000,12300,3600,1500,3100,45500,68200,2500,25000,15000,684200,1.24657534
MG-GZP-FIN-0314,Tasnim Mahmud,Female,Finance & Accounts,Gazipur Manufacturing Unit,Accounts Officer,Officer,Permanent,22000,10800,3200,2500,1500,40000,40000,2200,22000,15000,583400,0.77669903
MG-GZP-PRD-0315,Tareq Haque,Male,Production,Gazipur Manufacturing Unit,Shift Supervisor,Senior Officer,Permanent,43200,21200,6300,2500,5300,78500,117800,4300,0,15000,1126400,1.12142857
MG-GZP-PRD-0316,Tareq Ferdous,Male,Production,Gazipur Manufacturing Unit,Machine Operator,Worker,Permanent,10700,5300,1600,1500,400,19500,29200,1100,0,15000,291400,0.73584906
MG-NGJ-ENG-0317,Rafiq Akter,Male,Engineering & Maintenance,Narayanganj Production Plant,Technical Assistant,Junior Staff,Permanent,18400,9000,2700,1500,1900,33500,33500,1800,0,15000,472100,0.91780822
MG-CTG-CST-0318,Raisa Ferdous,Female,Corporate Strategy,Chattogram Distribution Hub,Senior Strategy Officer,Senior Officer,Permanent,41000,20100,6000,2500,4900,74500,74500,4100,0,15000,1032700,1.06428571
MG-NGJ-HRA-0319,Md. Karim Hasan,Male,HR & Administration,Narayanganj Production Plant,HR Officer,Officer,Contract,24500,12000,3600,2500,1900,44500,66800,0,0,0,600800,0.86407767
MG-GZP-ENG-0320,Arif Akter,Male,Engineering & Maintenance,Gazipur Manufacturing Unit,Project Engineer,Executive,Permanent,58600,28800,8500,4000,6600,106500,106500,5900,0,15000,1470300,1.18333333
MG-DHK-LGL-0323,Tahmina Bhuiyan,Female,Legal & Compliance,Dhaka Corporate Office,Legal Officer,Officer,Permanent,26100,12800,3800,2500,2300,47500,47500,2600,26100,15000,689800,0.9223301
MG-CTG-QAS-0324,Ashik Bhuiyan,Male,Quality Assurance,Chattogram Distribution Hub,Quality Inspector,Worker,Contract,13200,6500,1900,1500,900,24000,36000,0,0,0,324000,0.90566038
MG-GZP-PRD-0325,Nayeem Rahman,Male,Production,Gazipur Manufacturing Unit,Planning Executive,Executive,Permanent,39600,19400,5800,4000,3200,72000,108000,4000,0,15000,1035000,0.8
MG-NGJ-ENG-0327,Shuvo Hossain,Male,Engineering & Maintenance,Narayanganj Production Plant,Maintenance Officer,Officer,Permanent,35800,17600,5200,2500,3900,65000,97500,3600,0,15000,935700,1.26213592
MG-DHK-CUS-0328,Shafiq Jahan,Male,Customer Service,Dhaka Corporate Office,Senior Customer Service Officer,Senior Officer,Contract,45900,22500,6700,2500,5900,83500,125200,0,0,0,1127200,1.19285714
MG-GZP-SCL-0329,Hasan Alam,Male,Supply Chain & Logistics,Gazipur Manufacturing Unit,Logistics Officer,Officer,Permanent,25900,12700,3800,2500,2100,47000,47000,2600,25900,15000,683100,0.91262136
MG-NGJ-PRD-0330,Sadia Chowdhury,Female,Production,Narayanganj Production Plant,Production Executive,Executive,Permanent,50300,24700,7300,4000,5200,91500,137200,5000,0,15000,1310200,1.01666667
MG-GZP-SCL-0331,Rafiq Haque,Male,Supply Chain & Logistics,Gazipur Manufacturing Unit,Inventory Officer,Officer,Permanent,32200,15800,4700,2500,3300,58500,87800,3200,32200,15000,875400,1.13592233
MG-GZP-PRO-0333,Ahsan Hossain,Male,Procurement,Gazipur Manufacturing Unit,Vendor Management Executive,Executive,Permanent,54200,26600,7900,4000,5800,98500,147800,5400,54200,15000,1463800,1.09444444
MG-GZP-SCL-0334,Shafiq Islam,Male,Supply Chain & Logistics,Gazipur Manufacturing Unit,Logistics Officer,Officer,Probation,34600,17000,5000,2500,3900,63000,63000,0,0,0,819000,1.22330097
MG-GZP-PRO-0335,Rafiq Hasan,Male,Procurement,Gazipur Manufacturing Unit,Purchase Assistant,Junior Staff,Permanent,16500,8100,2400,1500,1500,30000,30000,1600,16500,15000,440700,0.82191781
MG-DHK-CST-0336,Monir Khatun,Male,Corporate Strategy,Dhaka Corporate Office,Project Management Executive,Executive,Permanent,51700,25400,7500,4000,5400,94000,94000,5200,0,15000,1299400,1.04444444
MG-GZP-QAS-0337,Asif Uddin,Male,Quality Assurance,Gazipur Manufacturing Unit,QC Technician,Junior Staff,Contract,18200,8900,2600,1500,1800,33000,49500,0,0,0,445500,0.90410959
MG-GZP-QAS-0338,Tareq Rashid,Male,Quality Assurance,Gazipur Manufacturing Unit,Quality Officer,Officer,Permanent,23700,11600,3400,2500,1800,43000,43000,2400,23700,15000,626500,0.83495146
MG-DHK-QAS-0339,Hasan Jahan,Male,Quality Assurance,Dhaka Corporate Office,Lab Assistant,Worker,Permanent,18200,8900,2600,1500,1800,33000,49500,1800,18200,15000,500300,1.24528302
MG-DHK-CUS-0340,Asif Uddin,Male,Customer Service,Dhaka Corporate Office,Team Supervisor,Senior Officer,Probation,36800,18100,5400,2500,4200,67000,67000,0,0,0,871000,0.95714286
MG-DHK-CUS-0342,Samira Rashid,Female,Customer Service,Dhaka Corporate Office,Call Centre Agent,Junior Staff,Permanent,20900,10300,3000,1500,2300,38000,38000,2100,20900,15000,555100,1.04109589
MG-DHK-PRO-0343,Lubna Hossain,Female,Procurement,Dhaka Corporate Office,Procurement Manager,Manager,Permanent,98700,48500,14400,4000,13900,179500,179500,9900,98700,15000,2566000,1.28214286
MG-CTG-PRD-0345,Rafiq Bhuiyan,Male,Production,Chattogram Distribution Hub,Production Officer,Officer,Probation,26100,12800,3800,2500,2300,47500,47500,0,0,0,617500,0.9223301
MG-GZP-PRD-0346,Samira Rahman,Female,Production,Gazipur Manufacturing Unit,Planning Executive,Executive,Permanent,54200,26600,7900,4000,5800,98500,98500,5400,0,15000,1360300,1.09444444
MG-GZP-PRD-0348,Imran Noor,Male,Production,Gazipur Manufacturing Unit,Packing Assistant,Worker,Permanent,18400,9000,2700,1500,1900,33500,33500,1800,18400,15000,490500,1.26415094
MG-GZP-QAS-0349,Nabila Jahan,Female,Quality Assurance,Gazipur Manufacturing Unit,Quality Manager,Manager,Permanent,79500,39000,11600,4000,10400,144500,144500,8000,79500,15000,2069000,1.03214286
MG-NGJ-PRD-0351,Fahim Islam,Male,Production,Narayanganj Production Plant,Packing Assistant,Worker,Contract,12100,5900,1800,1500,700,22000,22000,0,0,0,286000,0.83018868
MG-GZP-PRD-0353,Farhan Islam,Male,Production,Gazipur Manufacturing Unit,Machine Operator,Worker,Permanent,18200,8900,2600,1500,1800,33000,49500,1800,0,15000,482100,1.24528302
MG-NGJ-FIN-0354,Ahsan Rashid,Male,Finance & Accounts,Narayanganj Production Plant,Accounts Assistant,Junior Staff,Permanent,24200,11900,3500,1500,2900,44000,66000,2400,24200,15000,662000,1.20547945
MG-GZP-ENG-0355,Nayeem Rahman,Male,Engineering & Maintenance,Gazipur Manufacturing Unit,Electrician,Worker,Permanent,12400,6100,1800,1500,700,22500,22500,1200,0,15000,321900,0.8490566
MG-GZP-SCL-0356,Rakib Mahmud,Male,Supply Chain & Logistics,Gazipur Manufacturing Unit,Logistics Officer,Officer,Permanent,25300,12400,3700,2500,2100,46000,46000,2500,0,15000,643000,0.89320388
MG-DHK-CUS-0357,Asif Hossain,Male,Customer Service,Dhaka Corporate Office,Customer Care Assistant,Worker,Permanent,11600,5700,1700,1500,500,21000,21000,1200,0,15000,302400,0.79245283
MG-DHK-SAM-0358,Rakib Noor,Male,Sales & Marketing,Dhaka Corporate Office,Brand Officer,Officer,Permanent,22000,10800,3200,2500,1500,40000,60000,2200,22000,15000,603400,0.77669903
MG-GZP-HRA-0359,Mahmud Hasan,Male,HR & Administration,Gazipur Manufacturing Unit,Administration Manager,Manager,Permanent,84200,41300,12200,4000,11300,153000,229500,8400,0,15000,2181300,1.09285714
MG-DHK-SAM-0360,Sanjida Ferdous,Female,Sales & Marketing,Dhaka Corporate Office,Brand Manager,Manager,Permanent,64400,31600,9400,4000,7600,117000,175500,6400,64400,15000,1735700,0.83571429
MG-NGJ-ENG-0361,Ishrat Rahman,Female,Engineering & Maintenance,Narayanganj Production Plant,Maintenance Helper,Worker,Contract,14300,7000,2100,1500,1100,26000,26000,0,0,0,338000,0.98113208
MG-DHK-SAM-0362,Rifat Khan,Female,Sales & Marketing,Dhaka Corporate Office,Regional Sales Manager,Senior Manager,Permanent,139200,68300,20200,4000,21300,253000,253000,13900,0,15000,3470800,1.17674419
MG-DHK-HRA-0363,Ishrat Ahmed,Female,HR & Administration,Dhaka Corporate Office,Admin Officer,Officer,Contract,35200,17300,5100,2500,3900,64000,96000,0,0,0,864000,1.24271845
MG-DHK-SAM-0364,Rifat Bhuiyan,Female,Sales & Marketing,Dhaka Corporate Office,Senior Territory Officer,Senior Officer,Permanent,37100,18200,5400,2500,4300,67500,101200,3700,0,15000,970600,0.96428571
MG-DHK-FIN-0365,Ahsan Karim,Male,Finance & Accounts,Dhaka Corporate Office,Tax & VAT Executive,Executive,Permanent,53100,26100,7700,4000,5600,96500,144800,5300,53100,15000,1434500,1.07222222
MG-DHK-CST-0367,Nadia Alam,Female,Corporate Strategy,Dhaka Corporate Office,Business Analyst,Officer,Probation,36300,17800,5300,2500,4100,66000,66000,0,0,0,858000,1.2815534
MG-GZP-PRD-0368,Farzana Haque,Female,Production,Gazipur Manufacturing Unit,Machine Operator,Worker,Contract,13800,6800,2000,1500,900,25000,37500,0,0,0,337500,0.94339623
MG-DHK-CST-0369,Fahim Karim,Male,Corporate Strategy,Dhaka Corporate Office,PMO Assistant,Junior Staff,Permanent,25300,12400,3700,1500,3100,46000,69000,2500,0,15000,666000,1.26027397
MG-CTG-QAS-0370,Md. Rahim Uddin,Male,Quality Assurance,Chattogram Distribution Hub,Lab Assistant,Worker,Permanent,14000,6900,2000,1500,1100,25500,38200,1400,14000,15000,390000,0.96226415
MG-DHK-CST-0371,Tanvir Sarker,Male,Corporate Strategy,Dhaka Corporate Office,Business Research Assistant,Junior Staff,Permanent,23900,11700,3500,1500,2900,43500,65200,2400,0,15000,631000,1.19178082
MG-GZP-SAM-0372,Asif Rashid,Male,Sales & Marketing,Gazipur Manufacturing Unit,Digital Marketing Executive,Executive,Permanent,54500,26700,7900,4000,5900,99000,99000,5400,0,15000,1366800,1.1
MG-GZP-PRD-0373,Jahid Rashid,Male,Production,Gazipur Manufacturing Unit,Packing Assistant,Worker,Permanent,13200,6500,1900,1500,900,24000,36000,1300,0,15000,354600,0.90566038
MG-GZP-ENG-0374,Mizanur Talukder,Male,Engineering & Maintenance,Gazipur Manufacturing Unit,Maintenance Helper,Worker,Permanent,12900,6300,1900,1500,900,23500,47000,1300,0,15000,359600,0.88679245
MG-GZP-PRD-0375,Asif Khatun,Male,Production,Gazipur Manufacturing Unit,Production Operator,Worker,Contract,16200,8000,2400,1500,1400,29500,44200,0,0,0,398200,1.11320755
MG-GZP-SCL-0377,Sabbir Uddin,Male,Supply Chain & Logistics,Gazipur Manufacturing Unit,Inventory Officer,Officer,Permanent,33600,16500,4900,2500,3500,61000,61000,3400,0,15000,848800,1.18446602
MG-DHK-FIN-0378,Hasan Akter,Male,Finance & Accounts,Dhaka Corporate Office,Accounts Officer,Officer,Intern,34100,16700,5000,2500,3700,62000,93000,0,0,0,837000,1.2038835
MG-GZP-SCL-0379,Sadia Kabir,Female,Supply Chain & Logistics,Gazipur Manufacturing Unit,Loader,Worker,Permanent,11600,5700,1700,1500,500,21000,21000,1200,11600,15000,314000,0.79245283
MG-RAJ-FIN-0380,Sumaiya Alam,Female,Finance & Accounts,Rajshahi Regional Office,Finance Officer,Officer,Permanent,27000,13200,3900,2500,2400,49000,73500,2700,27000,15000,735900,0.95145631
MG-DHK-FIN-0381,Nusrat Sultana,Female,Finance & Accounts,Dhaka Corporate Office,Finance Manager,Manager,Permanent,66600,32700,9700,4000,8000,121000,121000,6700,0,15000,1668400,0.86428571
MG-NGJ-SCL-0382,Kamrul Sultana,Male,Supply Chain & Logistics,Narayanganj Production Plant,Warehouse Assistant,Worker,Permanent,14900,7300,2200,1500,1100,27000,27000,1500,14900,15000,398900,1.01886792
MG-GZP-PRD-0383,Jannatul Bhuiyan,Female,Production,Gazipur Manufacturing Unit,Shift Supervisor,Senior Officer,Permanent,40400,19800,5900,2500,4900,73500,147000,4000,40400,15000,1132400,1.05
MG-NGJ-PRD-0385,Rakib Chowdhury,Male,Production,Narayanganj Production Plant,Packing Assistant,Worker,Permanent,14600,7200,2100,1500,1100,26500,39800,1500,14600,15000,405400,1
MG-RAJ-SAM-0386,Sharmeen Khan,Female,Sales & Marketing,Rajshahi Regional Office,Senior Brand Officer,Senior Officer,Permanent,34600,17000,5000,2500,3900,63000,63000,3500,0,15000,876000,0.9
MG-NGJ-QAS-0387,Riyad Akter,Male,Quality Assurance,Narayanganj Production Plant,Compliance Officer,Officer,Contract,22000,10800,3200,2500,1500,40000,40000,0,0,0,520000,0.77669903
MG-GZP-SAM-0388,Tareq Ahmed,Male,Sales & Marketing,Gazipur Manufacturing Unit,Senior Territory Officer,Senior Officer,Contract,36300,17800,5300,2500,4100,66000,66000,0,0,0,858000,0.94285714
MG-RAJ-SAM-0389,Lubna Talukder,Female,Sales & Marketing,Rajshahi Regional Office,Brand Manager,Manager,Permanent,60200,29600,8800,4000,6900,109500,109500,6000,60200,15000,1570700,0.78214286
MG-GZP-PRD-0390,Mahmud Sarker,Male,Production,Gazipur Manufacturing Unit,Production Executive,Executive,Permanent,44300,21700,6400,4000,4100,80500,161000,4400,0,15000,1194800,0.89444444
MG-DHK-HRA-0391,Jahid Ahmed,Male,HR & Administration,Dhaka Corporate Office,Payroll Executive,Executive,Permanent,43200,21200,6300,4000,3800,78500,78500,4300,43200,15000,1130300,0.87222222
MG-DHK-IT-0392,Kamrul Sultana,Male,Information Technology,Dhaka Corporate Office,Senior Manager - IT,Senior Manager,Probation,117400,57600,17100,4000,17400,213500,320200,0,0,0,2882200,0.99302326
MG-GZP-LGL-0393,Sharmeen Sultana,Female,Legal & Compliance,Gazipur Manufacturing Unit,Senior Manager - Legal,Senior Manager,Contract,165600,81300,24100,4000,26000,301000,602000,0,0,0,4214000,1.4
MG-DHK-PRO-0395,Tasnim Haque,Female,Procurement,Dhaka Corporate Office,Senior Sourcing Officer,Senior Officer,Permanent,38500,18900,5600,2500,4500,70000,70000,3800,38500,15000,1009100,1
MG-GZP-QAS-0396,Maliha Hasan,Female,Quality Assurance,Gazipur Manufacturing Unit,Regulatory Executive,Executive,Permanent,59700,29300,8700,4000,6800,108500,162800,6000,59700,15000,1611500,1.20555556
MG-DHK-SAM-0397,Ahsan Akter,Male,Sales & Marketing,Dhaka Corporate Office,Digital Marketing Executive,Executive,Permanent,56100,27500,8200,4000,6200,102000,153000,5600,56100,15000,1515300,1.13333333
MG-DHK-SAM-0398,Samira Jahan,Female,Sales & Marketing,Dhaka Corporate Office,Sales Support Assistant,Worker,Permanent,14600,7200,2100,1500,1100,26500,26500,1500,14600,15000,392100,1
MG-DHK-CST-0399,Md. Karim Mia,Male,Corporate Strategy,Dhaka Corporate Office,Strategy Officer,Officer,Contract,25900,12700,3800,2500,2100,47000,47000,0,0,0,611000,0.91262136
MG-GZP-PRD-0401,Mahmud Bhuiyan,Male,Production,Gazipur Manufacturing Unit,Line Coordinator,Junior Staff,Permanent,19800,9700,2900,1500,2100,36000,36000,2000,19800,15000,526800,0.98630137
MG-GZP-LGL-0402,Rifat Akter,Female,Legal & Compliance,Gazipur Manufacturing Unit,Senior Legal Officer,Senior Officer,Permanent,46200,22700,6700,2500,5900,84000,84000,4600,46200,15000,1208400,1.2
MG-CTG-SAM-0403,Ishrat Bhuiyan,Female,Sales & Marketing,Chattogram Distribution Hub,Marketing Assistant,Junior Staff,Contract,17000,8400,2500,1500,1600,31000,31000,0,0,0,403000,0.84931507
MG-DHK-CST-0404,Tareq Sarker,Male,Corporate Strategy,Dhaka Corporate Office,Senior Business Analyst,Senior Officer,Permanent,41500,20400,6000,2500,5100,75500,75500,4200,41500,15000,1088400,1.07857143
MG-CTG-QAS-0405,Shakil Islam,Male,Quality Assurance,Chattogram Distribution Hub,Quality Inspector,Worker,Probation,14600,7200,2100,1500,1100,26500,26500,0,0,0,344500,1
MG-NGJ-PRD-0406,Mehedi Sarker,Male,Production,Narayanganj Production Plant,Plant Operations Manager,Manager,Permanent,93000,45600,13500,4000,12900,169000,169000,9300,93000,15000,2416600,1.20714286
MG-NGJ-ENG-0408,Ashik Akter,Male,Engineering & Maintenance,Narayanganj Production Plant,Mechanical Technician,Worker,Contract,13800,6800,2000,1500,900,25000,25000,0,0,0,325000,0.94339623
MG-GZP-PRD-0409,Hasan Karim,Male,Production,Gazipur Manufacturing Unit,Production Operator,Worker,Contract,11600,5700,1700,1500,500,21000,42000,0,0,0,294000,0.79245283
MG-GZP-QAS-0410,Farzana Talukder,Female,Quality Assurance,Gazipur Manufacturing Unit,Quality Manager,Manager,Permanent,83000,40800,12100,4000,11100,151000,226500,8300,0,15000,2153100,1.07857143
MG-NGJ-PRD-0411,Zahid Jahan,Male,Production,Narayanganj Production Plant,Production Manager,Manager,Permanent,85000,41700,12400,4000,11400,154500,154500,8500,0,15000,2125500,1.10357143
MG-DHK-SAM-0412,Md. Rahim Uddin,Male,Sales & Marketing,Dhaka Corporate Office,Sales Representative,Junior Staff,Permanent,24800,12200,3600,1500,2900,45000,45000,2500,0,15000,630000,1.23287671
MG-NGJ-PRD-0413,Arif Jahan,Male,Production,Narayanganj Production Plant,Planning Executive,Executive,Permanent,45900,22500,6700,4000,4400,83500,125200,4600,45900,15000,1243300,0.92777778
MG-GZP-IT-0414,Hasan Ahmed,Male,Information Technology,Gazipur Manufacturing Unit,Software Engineer,Executive,Contract,62700,30800,9100,4000,7400,114000,114000,0,0,0,1482000,1.26666667
MG-GZP-PRD-0415,Raisa Mahmud,Female,Production,Gazipur Manufacturing Unit,Senior Production Officer,Senior Officer,Permanent,36800,18100,5400,2500,4200,67000,100500,3700,36800,15000,1000700,0.95714286
MG-CTG-SAM-0416,Rafiq Karim,Male,Sales & Marketing,Chattogram Distribution Hub,Sales Representative,Junior Staff,Permanent,17600,8600,2600,1500,1700,32000,48000,1800,17600,15000,486200,0.87671233
MG-CTG-SCL-0417,Md. Rahim Jahan,Male,Supply Chain & Logistics,Chattogram Distribution Hub,Senior Manager - Supply Chain,Senior Manager,Permanent,137000,67200,19900,4000,20900,249000,373500,13700,0,15000,3540900,1.15813953
MG-DHK-IT-0418,Ahsan Khatun,Male,Information Technology,Dhaka Corporate Office,IT Officer,Officer,Permanent,32200,15800,4700,2500,3300,58500,87800,3200,32200,15000,875400,1.13592233
MG-GZP-SCL-0419,Fahim Akter,Male,Supply Chain & Logistics,Gazipur Manufacturing Unit,Warehouse Assistant,Worker,Contract,18200,8900,2600,1500,1800,33000,33000,0,0,0,429000,1.24528302
MG-GZP-QAS-0420,Raisa Ahmed,Female,Quality Assurance,Gazipur Manufacturing Unit,Quality Officer,Officer,Permanent,25300,12400,3700,2500,2100,46000,46000,2500,25300,15000,668300,0.89320388
MG-GZP-HRA-0421,Samira Chowdhury,Female,HR & Administration,Gazipur Manufacturing Unit,HR Executive,Executive,Permanent,55300,27100,8000,4000,6100,100500,150800,5500,0,15000,1437800,1.11666667
MG-NGJ-PRD-0422,Tanvir Jahan,Male,Production,Narayanganj Production Plant,Production Manager,Manager,Permanent,64900,31900,9400,4000,7800,118000,177000,0,0,15000,1608000,0.84285714
MG-CTG-SCL-0423,Arif Chowdhury,Male,Supply Chain & Logistics,Chattogram Distribution Hub,Store Assistant,Junior Staff,Probation,20100,9900,2900,1500,2100,36500,54800,0,0,0,492800,1
MG-DHK-ENG-0425,Asif Noor,Male,Engineering & Maintenance,Dhaka Corporate Office,Engineering Manager,Manager,Permanent,64100,31500,9300,4000,7600,116500,174800,6400,0,15000,1664600,0.83214286
MG-DHK-CUS-0426,Shuvo Sarker,Male,Customer Service,Dhaka Corporate Office,Customer Experience Executive,Executive,Permanent,39300,19300,5700,4000,3200,71500,107200,3900,0,15000,1027000,0.79444444
MG-NGJ-PRD-0427,Shafiq Alam,Male,Production,Narayanganj Production Plant,Senior Production Officer,Senior Officer,Permanent,39600,19400,5800,2500,4700,72000,144000,4000,0,15000,1071000,1.02857143
MG-NGJ-SCL-0428,Ashik Chowdhury,Male,Supply Chain & Logistics,Narayanganj Production Plant,Logistics Officer,Officer,Permanent,22600,11100,3300,2500,1500,41000,41000,2300,0,15000,575600,0.7961165
MG-DHK-ENG-0429,Tareq Haque,Male,Engineering & Maintenance,Dhaka Corporate Office,Mechanical Technician,Worker,Permanent,12400,6100,1800,1500,700,22500,22500,1200,0,15000,321900,0.8490566
MG-RAJ-FIN-0430,Sultana Haque,Female,Finance & Accounts,Rajshahi Regional Office,Tax & VAT Executive,Executive,Permanent,57200,28100,8300,4000,6400,104000,156000,5700,0,15000,1487400,1.15555556
MG-NGJ-SCL-0431,Farhan Hossain,Male,Supply Chain & Logistics,Narayanganj Production Plant,Supply Chain Executive,Executive,Permanent,57500,28200,8400,4000,6400,104500,104500,5800,0,15000,1443100,1.16111111
MG-NGJ-PRD-0432,Mizanur Islam,Male,Production,Narayanganj Production Plant,Line Coordinator,Junior Staff,Contract,17300,8500,2500,1500,1700,31500,47200,0,0,0,425200,0.8630137
MG-DHK-FIN-0433,Lubna Haque,Female,Finance & Accounts,Dhaka Corporate Office,Finance Officer,Officer,Permanent,32200,15800,4700,2500,3300,58500,58500,0,0,15000,775500,1.13592233
MG-DHK-PRO-0434,Farhan Uddin,Male,Procurement,Dhaka Corporate Office,Vendor Management Executive,Executive,Permanent,45100,22100,6600,4000,4200,82000,82000,0,0,15000,1081000,0.91111111
MG-NGJ-IT-0435,Md. Rahim Chowdhury,Male,Information Technology,Narayanganj Production Plant,Applications Manager,Manager,Permanent,66600,32700,9700,4000,8000,121000,181500,6700,0,15000,1728900,0.86428571
MG-RAJ-HRA-0436,Nazmul Talukder,Male,HR & Administration,Rajshahi Regional Office,HR Manager,Manager,Permanent,78600,38600,11400,4000,10400,143000,214500,7900,0,15000,2040300,1.02142857
MG-DHK-SAM-0437,Sumaiya Ferdous,Female,Sales & Marketing,Dhaka Corporate Office,Marketing Assistant,Junior Staff,Permanent,23700,11600,3400,1500,2800,43000,43000,0,0,15000,574000,1.17808219
MG-NGJ-QAS-0438,Tahmina Khan,Female,Quality Assurance,Narayanganj Production Plant,QA Executive,Executive,Permanent,50900,25000,7400,4000,5200,92500,185000,5100,0,15000,1371200,1.02777778
MG-GZP-PRD-0439,Zahid Bhuiyan,Male,Production,Gazipur Manufacturing Unit,Production Executive,Executive,Permanent,54500,26700,7900,4000,5900,99000,99000,5400,0,15000,1366800,1.1
MG-GZP-PRD-0440,Shuvo Hasan,Male,Production,Gazipur Manufacturing Unit,Shift Supervisor,Senior Officer,Permanent,38200,18800,5600,2500,4400,69500,139000,0,0,15000,988000,0.99285714
MG-DHK-HRA-0441,Asif Hasan,Male,HR & Administration,Dhaka Corporate Office,Payroll Executive,Executive,Permanent,41200,20200,6000,4000,3600,75000,112500,0,0,15000,1027500,0.83333333
MG-DHK-FIN-0442,Sabbir Uddin,Male,Finance & Accounts,Dhaka Corporate Office,Senior Manager - Finance,Senior Manager,Permanent,123200,60500,17900,4000,18400,224000,224000,0,0,15000,2927000,1.04186047
MG-GZP-ENG-0443,Tanvir Khan,Male,Engineering & Maintenance,Gazipur Manufacturing Unit,Maintenance Executive,Executive,Permanent,52300,25600,7600,4000,5500,95000,95000,0,0,15000,1250000,1.05555556
MG-GZP-SAM-0444,Monir Ferdous,Male,Sales & Marketing,Gazipur Manufacturing Unit,Senior Territory Officer,Senior Officer,Permanent,32700,16100,4800,2500,3400,59500,59500,3300,0,15000,828100,0.85
MG-NGJ-FIN-0445,Imran Talukder,Male,Finance & Accounts,Narayanganj Production Plant,Finance Manager,Manager,Permanent,78900,38700,11500,4000,10400,143500,215200,7900,0,15000,2047000,1.025
MG-DHK-SAM-0446,Rakib Talukder,Male,Sales & Marketing,Dhaka Corporate Office,Senior Territory Officer,Senior Officer,Permanent,38800,19000,5600,2500,4600,70500,105800,3900,0,15000,1013600,1.00714286
MG-DHK-SCL-0447,Md. Karim Noor,Male,Supply Chain & Logistics,Dhaka Corporate Office,Dispatch Coordinator,Junior Staff,Permanent,20600,10100,3000,1500,2300,37500,37500,0,0,15000,502500,1.02739726
MG-NGJ-QAS-0448,Anika Mia,Female,Quality Assurance,Narayanganj Production Plant,QA Assistant,Junior Staff,Permanent,18200,8900,2600,1500,1800,33000,33000,0,0,15000,444000,0.90410959
MG-NGJ-ENG-0449,Jahid Ferdous,Male,Engineering & Maintenance,Narayanganj Production Plant,Engineering Manager,Manager,Permanent,77600,38100,11300,4000,10000,141000,282000,0,0,15000,1989000,1.00714286
MG-GZP-SCL-0450,Rumana Kabir,Female,Supply Chain & Logistics,Gazipur Manufacturing Unit,Store Assistant,Junior Staff,Permanent,23400,11500,3400,1500,2700,42500,42500,2300,0,15000,595100,1.16438356
MG-NGJ-PRD-0451,Sabbir Rahman,Male,Production,Narayanganj Production Plant,Production Officer,Officer,Permanent,25900,12700,3800,2500,2100,47000,70500,2600,0,15000,680700,0.91262136
MG-DHK-FIN-0452,Sumaiya Khan,Female,Finance & Accounts,Dhaka Corporate Office,Senior Finance Officer,Senior Officer,Permanent,40400,19800,5900,2500,4900,73500,110200,0,0,15000,1007200,1.05
MG-NGJ-PRD-0453,Md. Rahim Rashid,Male,Production,Narayanganj Production Plant,Production Assistant,Junior Staff,Permanent,23900,11700,3500,1500,2900,43500,65200,2400,0,15000,631000,1.19178082
MG-DHK-SCL-0454,Fahim Ferdous,Male,Supply Chain & Logistics,Dhaka Corporate Office,Loader,Worker,Contract,11600,5700,1700,1500,500,21000,31500,0,0,0,283500,0.79245283
MG-NGJ-ENG-0455,Hasan Uddin,Male,Engineering & Maintenance,Narayanganj Production Plant,Maintenance Coordinator,Junior Staff,Contract,24200,11900,3500,1500,2900,44000,66000,0,0,0,594000,1.20547945
MG-GZP-PRD-0456,Rafiq Haque,Male,Production,Gazipur Manufacturing Unit,Shift Supervisor,Senior Officer,Permanent,33000,16200,4800,2500,3500,60000,60000,3300,0,15000,834600,0.85714286
MG-GZP-ENG-0457,Tanvir Khan,Male,Engineering & Maintenance,Gazipur Manufacturing Unit,Maintenance Coordinator,Junior Staff,Contract,20600,10100,3000,1500,2300,37500,37500,0,0,0,487500,1.02739726
MG-CTG-SAM-0458,Arif Alam,Male,Sales & Marketing,Chattogram Distribution Hub,Senior Territory Officer,Senior Officer,Probation,38000,18600,5500,2500,4400,69000,69000,0,0,0,897000,0.98571429
MG-DHK-SAM-0459,Ashik Rashid,Male,Sales & Marketing,Dhaka Corporate Office,Sales Support Assistant,Worker,Permanent,17300,8500,2500,1500,1700,31500,31500,1700,0,15000,444900,1.18867925
MG-GZP-PRD-0460,Rifat Haque,Female,Production,Gazipur Manufacturing Unit,Machine Operator,Worker,Contract,17300,8500,2500,1500,1700,31500,47200,0,0,0,425200,1.18867925
MG-NGJ-PRD-0461,Ayesha Ahmed,Female,Production,Narayanganj Production Plant,Production Operator,Worker,Permanent,11800,5800,1700,1500,700,21500,32200,1200,0,15000,319600,0.81132075
MG-GZP-PRD-0462,Tanvir Karim,Male,Production,Gazipur Manufacturing Unit,Production Assistant,Junior Staff,Permanent,17600,8600,2600,1500,1700,32000,32000,0,0,15000,431000,0.87671233
MG-DHK-LGL-0463,Md. Rahim Mia,Male,Legal & Compliance,Dhaka Corporate Office,Legal Officer,Officer,Intern,23400,11500,3400,2500,1700,42500,63800,0,0,0,573800,0.82524272
MG-DHK-FIN-0465,Rashed Sultana,Male,Finance & Accounts,Dhaka Corporate Office,Senior Manager - Finance,Senior Manager,Permanent,144900,71100,21100,4000,22400,263500,263500,14500,0,15000,3614500,1.2255814
MG-DHK-CUS-0466,Tahmina Noor,Female,Customer Service,Dhaka Corporate Office,Complaint Resolution Officer,Officer,Permanent,24800,12200,3600,2500,1900,45000,45000,0,0,15000,600000,0.87378641
MG-CTG-SCL-0467,Nazmul Haque,Male,Supply Chain & Logistics,Chattogram Distribution Hub,Inventory Officer,Officer,Permanent,23900,11700,3500,2500,1900,43500,87000,0,0,15000,624000,0.84466019
MG-NGJ-PRD-0468,Sharmeen Kabir,Female,Production,Narayanganj Production Plant,Plant Operations Manager,Manager,Permanent,64900,31900,9400,4000,7800,118000,236000,0,0,15000,1667000,0.84285714
MG-RAJ-PRD-0469,Riyad Rahman,Male,Production,Rajshahi Regional Office,Machine Operator,Worker,Probation,17000,8400,2500,1500,1600,31000,31000,0,0,0,403000,1.16981132
MG-NGJ-PRD-0470,Tanvir Sultana,Male,Production,Narayanganj Production Plant,Shift Officer,Officer,Permanent,28300,13900,4100,2500,2700,51500,51500,0,0,15000,684500,1
MG-DHK-CUS-0471,Ishrat Hossain,Female,Customer Service,Dhaka Corporate Office,Customer Care Assistant,Worker,Permanent,15100,7400,2200,1500,1300,27500,41200,0,0,15000,386200,1.03773585
MG-CTG-SCL-0472,Tareq Sarker,Male,Supply Chain & Logistics,Chattogram Distribution Hub,Senior Supply Chain Officer,Senior Officer,Permanent,33800,16600,4900,2500,3700,61500,61500,0,0,15000,814500,0.87857143
MG-CTG-SAM-0473,Tareq Talukder,Male,Sales & Marketing,Chattogram Distribution Hub,Brand Manager,Manager,Permanent,94300,46300,13700,4000,13200,171500,171500,0,0,15000,2244500,1.225
MG-GZP-SCL-0474,Kamrul Kabir,Male,Supply Chain & Logistics,Gazipur Manufacturing Unit,Warehouse Assistant,Worker,Permanent,11000,5400,1600,1500,500,20000,20000,1100,0,15000,288200,0.75471698
MG-GZP-FIN-0475,Farhan Hasan,Male,Finance & Accounts,Gazipur Manufacturing Unit,Accounts Officer,Officer,Permanent,23400,11500,3400,2500,1700,42500,42500,2300,0,15000,595100,0.82524272
MG-DHK-HRA-0476,Mim Bhuiyan,Female,HR & Administration,Dhaka Corporate Office,Admin Officer,Officer,Permanent,22800,11200,3300,2500,1700,41500,41500,0,0,15000,554500,0.80582524
MG-DHK-CST-0477,Md. Karim Noor,Male,Corporate Strategy,Dhaka Corporate Office,Business Analyst,Officer,Permanent,37400,18400,5400,2500,4300,68000,102000,3700,0,15000,977400,1.32038835
MG-DHK-IT-0479,Sumaiya Haque,Not Disclosed,Information Technology,Dhaka Corporate Office,IT Support Technician,Junior Staff,Permanent,23900,11700,3500,1500,2900,43500,65200,2400,0,15000,631000,1.19178082
MG-GZP-CUS-0480,Faria Khan,Female,Customer Service,Gazipur Manufacturing Unit,Call Centre Agent,Junior Staff,Permanent,18700,9200,2700,1500,1900,34000,68000,0,0,15000,491000,0.93150685
MG-RAJ-SAM-0481,Sabbir Ahmed,Male,Sales & Marketing,Rajshahi Regional Office,Sales Executive,Executive,Permanent,50600,24800,7400,4000,5200,92000,92000,0,0,15000,1211000,1.02222222
MG-GZP-FIN-0482,Sanjida Rashid,Female,Finance & Accounts,Gazipur Manufacturing Unit,Tax & VAT Executive,Executive,Permanent,37400,18400,5400,4000,2800,68000,102000,0,0,15000,933000,0.75555556
MG-DHK-PRO-0483,Kamrul Ahmed,Male,Procurement,Dhaka Corporate Office,Sourcing Officer,Officer,Intern,25600,12600,3700,2500,2100,46500,93000,0,0,0,651000,0.90291262
MG-NGJ-PRD-0484,Shafiq Sarker,Male,Production,Narayanganj Production Plant,Production Officer,Officer,Permanent,20100,9900,2900,2500,1100,36500,54800,2000,0,15000,531800,0.70873786
MG-GZP-FIN-0485,Rafiq Hossain,Male,Finance & Accounts,Gazipur Manufacturing Unit,Accounts Assistant,Junior Staff,Permanent,23400,11500,3400,1500,2700,42500,63800,0,0,15000,588800,1.16438356
MG-NGJ-PRD-0486,Rafiq Kabir,Male,Production,Narayanganj Production Plant,Production Assistant,Junior Staff,Permanent,19500,9600,2800,1500,2100,35500,35500,2000,0,15000,500500,0.97260274
MG-GZP-ENG-0487,Ashik Rashid,Male,Engineering & Maintenance,Gazipur Manufacturing Unit,Project Engineer,Executive,Permanent,56100,27500,8200,4000,6200,102000,153000,5600,0,15000,1459200,1.13333333
MG-GZP-PRD-0488,Rafiq Hossain,Male,Production,Gazipur Manufacturing Unit,Production Officer,Officer,Permanent,22800,11200,3300,2500,1700,41500,83000,2300,0,15000,623600,0.80582524
MG-NGJ-PRD-0489,Ahsan Kabir,Male,Production,Narayanganj Production Plant,Senior Production Officer,Senior Officer,Permanent,44300,21700,6400,2500,5600,80500,80500,4400,0,15000,1114300,1.15
MG-DHK-PRD-0490,Shuvo Mahmud,Male,Production,Dhaka Corporate Office,Line Coordinator,Junior Staff,Probation,23100,11300,3400,1500,2700,42000,42000,0,0,0,546000,1.15068493
MG-CTG-SAM-0491,Ahsan Alam,Male,Sales & Marketing,Chattogram Distribution Hub,Digital Marketing Executive,Executive,Permanent,51200,25100,7400,4000,5300,93000,186000,0,0,15000,1317000,1.03333333
MG-CTG-SAM-0492,Monir Mahmud,Male,Sales & Marketing,Chattogram Distribution Hub,Territory Sales Officer,Officer,Permanent,35200,17300,5100,2500,3900,64000,64000,0,0,15000,847000,1.24271845
MG-DHK-SAM-0493,Mim Sultana,Female,Sales & Marketing,Dhaka Corporate Office,Sales Executive,Executive,Permanent,59400,29200,8600,4000,6800,108000,108000,0,0,15000,1419000,1.2
MG-NGJ-PRD-0494,Rakib Chowdhury,Male,Production,Narayanganj Production Plant,Shift Officer,Officer,Permanent,22000,10800,3200,2500,1500,40000,40000,0,0,15000,535000,0.77669903
MG-GZP-SCL-0495,Nusrat Haque,Female,Supply Chain & Logistics,Gazipur Manufacturing Unit,Loader,Worker,Contract,13200,6500,1900,1500,900,24000,24000,0,0,0,312000,0.90566038
MG-GZP-PRD-0496,Nazmul Khatun,Male,Production,Gazipur Manufacturing Unit,Production Operator,Worker,Permanent,12100,5900,1800,1500,700,22000,22000,0,0,15000,301000,0.83018868
MG-GZP-PRD-0499,Md. Rahim Kabir,Male,Production,Gazipur Manufacturing Unit,Machine Operator,Worker,Permanent,14000,6900,2000,1500,1100,25500,38200,1400,0,15000,376000,0.96226415
MG-DHK-SAM-0500,Sabbir Ahmed,Male,Sales & Marketing,Dhaka Corporate Office,Brand Officer,Officer,Permanent,25600,12600,3700,2500,2100,46500,69800,0,0,15000,642800,0.90291262
MG-GZP-PRD-0501,Shakil Sarker,Male,Production,Gazipur Manufacturing Unit,Senior Production Officer,Senior Officer,Contract,30300,14900,4400,2500,2900,55000,82500,0,0,0,742500,0.78571429
MG-NGJ-PRD-0502,Nazmul Sultana,Male,Production,Narayanganj Production Plant,Machine Operator,Worker,Permanent,12400,6100,1800,1500,700,22500,22500,0,0,15000,307500,0.8490566
MG-DHK-PRD-0503,Mehedi Kabir,Male,Production,Dhaka Corporate Office,Senior Production Officer,Senior Officer,Permanent,43400,21300,6300,2500,5500,79000,158000,0,0,15000,1121000,1.12857143
MG-DHK-SAM-0504,Tareq Sultana,Male,Sales & Marketing,Dhaka Corporate Office,Marketing Assistant,Junior Staff,Permanent,17000,8400,2500,1500,1600,31000,31000,1700,0,15000,438400,0.84931507
MG-GZP-CUS-0506,Tanvir Karim,Male,Customer Service,Gazipur Manufacturing Unit,Customer Service Representative,Junior Staff,Permanent,22800,11200,3300,1500,2700,41500,41500,0,0,15000,554500,1.1369863
MG-DHK-SAM-0507,Ashik Khan,Male,Sales & Marketing,Dhaka Corporate Office,Brand Officer,Officer,Permanent,21400,10500,3100,2500,1500,39000,39000,0,0,15000,522000,0.75728155
MG-NGJ-SCL-0508,Rafiq Jahan,Male,Supply Chain & Logistics,Narayanganj Production Plant,Dispatch Coordinator,Junior Staff,Permanent,17900,8800,2600,1500,1700,32500,48800,0,0,15000,453800,0.89041096
MG-GZP-PRD-0509,Nusrat Sarker,Female,Production,Gazipur Manufacturing Unit,Shift Supervisor,Senior Officer,Contract,43400,21300,6300,2500,5500,79000,79000,0,0,0,1027000,1.12857143
MG-NGJ-ENG-0510,Saiful Bhuiyan,Male,Engineering & Maintenance,Narayanganj Production Plant,Mechanical Technician,Worker,Permanent,17300,8500,2500,1500,1700,31500,47200,0,0,15000,440200,1.18867925
MG-CTG-SAM-0511,Md. Karim Hossain,Male,Sales & Marketing,Chattogram Distribution Hub,Marketing Assistant,Junior Staff,Permanent,19200,9400,2800,1500,2100,35000,35000,0,0,15000,470000,0.95890411
MG-DHK-LGL-0512,Fahim Mia,Male,Legal & Compliance,Dhaka Corporate Office,Senior Manager - Legal,Senior Manager,Permanent,160300,78700,23300,4000,25200,291500,291500,16000,0,15000,3996500,1.35581395
MG-NGJ-PRD-0513,Tanvir Khatun,Male,Production,Narayanganj Production Plant,Production Operator,Worker,Permanent,11300,5500,1600,1500,600,20500,20500,1100,0,15000,294700,0.77358491
MG-DHK-SAM-0514,Md. Rahim Hasan,Male,Sales & Marketing,Dhaka Corporate Office,Sales Executive,Executive,Permanent,45700,22400,6600,4000,4300,83000,124500,4600,0,15000,1190700,0.92222222
MG-GZP-PRD-0515,Zahid Akter,Male,Production,Gazipur Manufacturing Unit,Plant Operations Manager,Manager,Permanent,79500,39000,11600,4000,10400,144500,216800,0,0,15000,1965800,1.03214286
MG-NGJ-SCL-0516,Riyad Sultana,Male,Supply Chain & Logistics,Narayanganj Production Plant,Planning Executive,Executive,Permanent,42600,20900,6200,4000,3800,77500,77500,0,0,15000,1022500,0.86111111
